-- Adminer 4.17.1 MySQL 8.0.45 dump

SET NAMES utf8;
SET time_zone = '+00:00';
SET foreign_key_checks = 0;
SET sql_mode = 'NO_AUTO_VALUE_ON_ZERO';

SET NAMES utf8mb4;

DROP TABLE IF EXISTS `activity_log`;
CREATE TABLE `activity_log` (
  `id` bigint unsigned NOT NULL AUTO_INCREMENT,
  `log_name` varchar(255) COLLATE utf8mb4_unicode_ci DEFAULT NULL,
  `description` text COLLATE utf8mb4_unicode_ci NOT NULL,
  `target_type` varchar(255) COLLATE utf8mb4_unicode_ci DEFAULT NULL,
  `target_id` bigint unsigned DEFAULT NULL,
  `event` varchar(255) COLLATE utf8mb4_unicode_ci DEFAULT NULL,
  `actor_type` varchar(255) COLLATE utf8mb4_unicode_ci DEFAULT NULL,
  `actor_id` bigint unsigned DEFAULT NULL,
  `properties` json DEFAULT NULL,
  `batch_uuid` char(36) COLLATE utf8mb4_unicode_ci DEFAULT NULL,
  `created_at` timestamp NULL DEFAULT NULL,
  `updated_at` timestamp NULL DEFAULT NULL,
  `deleted_at` timestamp NULL DEFAULT NULL,
  PRIMARY KEY (`id`),
  KEY `target` (`target_type`,`target_id`),
  KEY `actor` (`actor_type`,`actor_id`),
  KEY `activity_log_log_name_index` (`log_name`)
) ENGINE=InnoDB DEFAULT CHARSET=utf8mb4 COLLATE=utf8mb4_unicode_ci;

INSERT INTO `activity_log` (`id`, `log_name`, `description`, `target_type`, `target_id`, `event`, `actor_type`, `actor_id`, `properties`, `batch_uuid`, `created_at`, `updated_at`, `deleted_at`) VALUES
(1,	'audit',	'auth.login',	'App\\Models\\User',	3,	NULL,	NULL,	NULL,	'{\"meta\": {\"operation\": \"login\", \"action_label\": \"LOGIN_SUCCESS\", \"target_label\": \"Tutor#3\"}}',	NULL,	'2026-04-05 07:20:07',	'2026-04-05 07:20:07',	NULL),
(2,	'audit',	'auth.login',	'App\\Models\\User',	1,	NULL,	NULL,	NULL,	'{\"meta\": {\"operation\": \"login\", \"action_label\": \"LOGIN_SUCCESS\", \"target_label\": \"Admin#1\"}}',	NULL,	'2026-04-05 07:21:06',	'2026-04-05 07:21:06',	NULL),
(3,	'audit',	'auth.logout',	'App\\Models\\User',	1,	NULL,	'App\\Models\\User',	1,	'{\"meta\": {\"operation\": \"logout\", \"action_label\": \"LOGOUT\", \"target_label\": \"Admin#1\"}}',	NULL,	'2026-04-05 07:22:48',	'2026-04-05 07:22:48',	NULL),
(4,	'audit',	'auth.login',	'App\\Models\\User',	1,	NULL,	NULL,	NULL,	'{\"meta\": {\"operation\": \"login\", \"action_label\": \"LOGIN_SUCCESS\", \"target_label\": \"Admin#1\"}}',	NULL,	'2026-04-05 07:22:54',	'2026-04-05 07:22:54',	NULL),
(5,	'audit',	'auth.logout',	'App\\Models\\User',	1,	NULL,	'App\\Models\\User',	1,	'{\"meta\": {\"operation\": \"logout\", \"action_label\": \"LOGOUT\", \"target_label\": \"Admin#1\"}}',	NULL,	'2026-04-05 07:23:03',	'2026-04-05 07:23:03',	NULL),
(6,	'audit',	'auth.login',	'App\\Models\\User',	30,	NULL,	NULL,	NULL,	'{\"meta\": {\"operation\": \"login\", \"action_label\": \"LOGIN_SUCCESS\", \"target_label\": \"Tutor#30\"}}',	NULL,	'2026-04-05 07:23:07',	'2026-04-05 07:23:07',	NULL),
(7,	'audit',	'auth.login',	'App\\Models\\User',	1,	NULL,	NULL,	NULL,	'{\"meta\": {\"operation\": \"login\", \"action_label\": \"LOGIN_SUCCESS\", \"target_label\": \"Admin#1\"}}',	NULL,	'2026-04-05 09:08:40',	'2026-04-05 09:08:40',	NULL),
(8,	'audit',	'blog.created',	'App\\Models\\Blog',	9,	'created',	'App\\Models\\User',	1,	'{\"meta\": {\"description\": \"Created Blog#9.\", \"action_label\": \"CREATE_BLOG\", \"target_label\": \"Blog#9\"}}',	NULL,	'2026-04-05 09:44:26',	'2026-04-05 09:44:26',	NULL),
(9,	'audit',	'blog.updated',	'App\\Models\\Blog',	9,	'updated',	'App\\Models\\User',	1,	'{\"old\": {\"title\": \"Kingdom of Thailand\"}, \"meta\": {\"description\": \"Updated Blog#9: title, content, hashtags.\", \"action_label\": \"UPDATE_BLOG\", \"target_label\": \"Blog#9\"}, \"attributes\": {\"title\": \"Kingdom of Thailand ราชอาณาจักรไทย (Thai)    Ratcha-anachak Thai\"}}',	NULL,	'2026-04-05 09:44:46',	'2026-04-05 09:44:46',	NULL),
(10,	'audit',	'auth.logout',	'App\\Models\\User',	1,	NULL,	'App\\Models\\User',	1,	'{\"meta\": {\"operation\": \"logout\", \"action_label\": \"LOGOUT\", \"target_label\": \"Admin#1\"}}',	NULL,	'2026-04-05 09:49:52',	'2026-04-05 09:49:52',	NULL),
(11,	'audit',	'auth.login',	'App\\Models\\User',	4,	NULL,	NULL,	NULL,	'{\"meta\": {\"operation\": \"login\", \"action_label\": \"LOGIN_SUCCESS\", \"target_label\": \"Student#4\"}}',	NULL,	'2026-04-05 09:49:58',	'2026-04-05 09:49:58',	NULL),
(12,	'audit',	'auth.logout',	'App\\Models\\User',	4,	NULL,	'App\\Models\\User',	4,	'{\"meta\": {\"operation\": \"logout\", \"action_label\": \"LOGOUT\", \"target_label\": \"Student#4\"}}',	NULL,	'2026-04-05 09:50:43',	'2026-04-05 09:50:43',	NULL),
(13,	'audit',	'auth.login',	'App\\Models\\User',	3,	NULL,	NULL,	NULL,	'{\"meta\": {\"operation\": \"login\", \"action_label\": \"LOGIN_SUCCESS\", \"target_label\": \"Tutor#3\"}}',	NULL,	'2026-04-05 09:50:55',	'2026-04-05 09:50:55',	NULL),
(14,	'audit',	'meeting_attendance.created',	'App\\Models\\MeetingAttendee',	11,	'created',	'App\\Models\\User',	3,	'{\"meta\": {\"description\": \"Recorded attendance for MeetingAttendance#11.\", \"action_label\": \"RECORD_MEETING_ATTENDANCE\", \"target_label\": \"MeetingAttendance#11\"}}',	NULL,	'2026-04-05 09:51:17',	'2026-04-05 09:51:17',	NULL),
(15,	'audit',	'auth.logout',	'App\\Models\\User',	3,	NULL,	'App\\Models\\User',	3,	'{\"meta\": {\"operation\": \"logout\", \"action_label\": \"LOGOUT\", \"target_label\": \"Tutor#3\"}}',	NULL,	'2026-04-05 10:10:39',	'2026-04-05 10:10:39',	NULL),
(16,	'audit',	'auth.login',	'App\\Models\\User',	4,	NULL,	NULL,	NULL,	'{\"meta\": {\"operation\": \"login\", \"action_label\": \"LOGIN_SUCCESS\", \"target_label\": \"Student#4\"}}',	NULL,	'2026-04-05 10:10:44',	'2026-04-05 10:10:44',	NULL),
(17,	'audit',	'auth.logout',	'App\\Models\\User',	4,	NULL,	'App\\Models\\User',	4,	'{\"meta\": {\"operation\": \"logout\", \"action_label\": \"LOGOUT\", \"target_label\": \"Student#4\"}}',	NULL,	'2026-04-05 10:11:12',	'2026-04-05 10:11:12',	NULL),
(18,	'audit',	'auth.login',	'App\\Models\\User',	1,	NULL,	NULL,	NULL,	'{\"meta\": {\"operation\": \"login\", \"action_label\": \"LOGIN_SUCCESS\", \"target_label\": \"Admin#1\"}}',	NULL,	'2026-04-05 10:11:18',	'2026-04-05 10:11:18',	NULL),
(19,	'audit',	'auth.logout',	'App\\Models\\User',	1,	NULL,	'App\\Models\\User',	1,	'{\"meta\": {\"operation\": \"logout\", \"action_label\": \"LOGOUT\", \"target_label\": \"Admin#1\"}}',	NULL,	'2026-04-05 10:21:54',	'2026-04-05 10:21:54',	NULL),
(20,	'audit',	'auth.login',	'App\\Models\\User',	1,	NULL,	NULL,	NULL,	'{\"meta\": {\"operation\": \"login\", \"action_label\": \"LOGIN_SUCCESS\", \"target_label\": \"Admin#1\"}}',	NULL,	'2026-04-05 10:29:24',	'2026-04-05 10:29:24',	NULL),
(21,	'audit',	'auth.logout',	'App\\Models\\User',	30,	NULL,	'App\\Models\\User',	30,	'{\"meta\": {\"operation\": \"logout\", \"action_label\": \"LOGOUT\", \"target_label\": \"Tutor#30\"}}',	NULL,	'2026-04-05 11:01:51',	'2026-04-05 11:01:51',	NULL),
(22,	'audit',	'auth.login',	'App\\Models\\User',	1,	NULL,	NULL,	NULL,	'{\"meta\": {\"operation\": \"login\", \"action_label\": \"LOGIN_SUCCESS\", \"target_label\": \"Admin#1\"}}',	NULL,	'2026-04-05 11:01:54',	'2026-04-05 11:01:54',	NULL),
(23,	'audit',	'meeting.updated',	'App\\Models\\Meeting',	1,	'updated',	'App\\Models\\User',	1,	'{\"old\": {\"link\": \"https://meet.google.com/greenwich-cs-coaching\"}, \"meta\": {\"description\": \"Updated Meeting#1: link.\", \"action_label\": \"UPDATE_MEETING\", \"target_label\": \"Meeting#1\"}, \"attributes\": {\"link\": \"https://meet.google.com/dof-uxqa-cep\"}}',	NULL,	'2026-04-05 12:55:10',	'2026-04-05 12:55:10',	NULL),
(24,	'audit',	'blog.updated',	'App\\Models\\Blog',	9,	'updated',	'App\\Models\\User',	1,	'{\"meta\": {\"description\": \"Updated Blog#9: content, hashtags, cover image.\", \"action_label\": \"UPDATE_BLOG\", \"target_label\": \"Blog#9\"}}',	NULL,	'2026-04-05 12:58:15',	'2026-04-05 12:58:15',	NULL),
(25,	'audit',	'auth.logout',	'App\\Models\\User',	1,	NULL,	'App\\Models\\User',	1,	'{\"meta\": {\"operation\": \"logout\", \"action_label\": \"LOGOUT\", \"target_label\": \"Admin#1\"}}',	NULL,	'2026-04-05 13:01:17',	'2026-04-05 13:01:17',	NULL),
(26,	'audit',	'auth.login',	'App\\Models\\User',	3,	NULL,	NULL,	NULL,	'{\"meta\": {\"operation\": \"login\", \"action_label\": \"LOGIN_SUCCESS\", \"target_label\": \"Tutor#3\"}}',	NULL,	'2026-04-05 13:01:23',	'2026-04-05 13:01:23',	NULL),
(27,	'audit',	'user.updated',	'App\\Models\\User',	3,	'updated',	'App\\Models\\User',	3,	'{\"old\": {\"phone\": null, \"subject_ids\": [3, 13, 19]}, \"meta\": {\"description\": \"Updated Tutor#3: phone, subjects.\", \"action_label\": \"UPDATE_USER\", \"target_label\": \"Tutor#3\"}, \"attributes\": {\"phone\": \"0631393053\", \"subject_ids\": [7]}}',	NULL,	'2026-04-05 13:02:53',	'2026-04-05 13:02:53',	NULL),
(28,	'audit',	'auth.logout',	'App\\Models\\User',	3,	NULL,	'App\\Models\\User',	3,	'{\"meta\": {\"operation\": \"logout\", \"action_label\": \"LOGOUT\", \"target_label\": \"Tutor#3\"}}',	NULL,	'2026-04-05 13:03:00',	'2026-04-05 13:03:00',	NULL),
(29,	'audit',	'auth.login',	'App\\Models\\User',	3,	NULL,	NULL,	NULL,	'{\"meta\": {\"operation\": \"login\", \"action_label\": \"LOGIN_SUCCESS\", \"target_label\": \"Tutor#3\"}}',	NULL,	'2026-04-05 13:03:13',	'2026-04-05 13:03:13',	NULL),
(30,	'audit',	'auth.logout',	'App\\Models\\User',	3,	NULL,	'App\\Models\\User',	3,	'{\"meta\": {\"operation\": \"logout\", \"action_label\": \"LOGOUT\", \"target_label\": \"Tutor#3\"}}',	NULL,	'2026-04-05 13:03:20',	'2026-04-05 13:03:20',	NULL),
(31,	'audit',	'auth.login',	'App\\Models\\User',	1,	NULL,	NULL,	NULL,	'{\"meta\": {\"operation\": \"login\", \"action_label\": \"LOGIN_SUCCESS\", \"target_label\": \"Admin#1\"}}',	NULL,	'2026-04-05 16:33:11',	'2026-04-05 16:33:11',	NULL),
(32,	'audit',	'auth.logout',	'App\\Models\\User',	1,	NULL,	'App\\Models\\User',	1,	'{\"meta\": {\"operation\": \"logout\", \"action_label\": \"LOGOUT\", \"target_label\": \"Admin#1\"}}',	NULL,	'2026-04-05 16:33:22',	'2026-04-05 16:33:22',	NULL),
(33,	'audit',	'auth.login',	'App\\Models\\User',	1,	NULL,	NULL,	NULL,	'{\"meta\": {\"operation\": \"login\", \"action_label\": \"LOGIN_SUCCESS\", \"target_label\": \"Admin#1\"}}',	NULL,	'2026-04-05 16:33:40',	'2026-04-05 16:33:40',	NULL),
(34,	'audit',	'user.created',	'App\\Models\\User',	35,	'created',	'App\\Models\\User',	1,	'{\"meta\": {\"description\": \"Created Staff#35.\", \"action_label\": \"CREATE_USER\", \"target_label\": \"Staff#35\"}}',	NULL,	'2026-04-05 16:34:13',	'2026-04-05 16:34:13',	NULL),
(35,	'audit',	'auth.logout',	'App\\Models\\User',	1,	NULL,	'App\\Models\\User',	1,	'{\"meta\": {\"operation\": \"logout\", \"action_label\": \"LOGOUT\", \"target_label\": \"Admin#1\"}}',	NULL,	'2026-04-05 16:34:35',	'2026-04-05 16:34:35',	NULL),
(36,	'audit',	'auth.login',	'App\\Models\\User',	35,	NULL,	NULL,	NULL,	'{\"meta\": {\"operation\": \"login\", \"action_label\": \"LOGIN_SUCCESS\", \"target_label\": \"Staff#35\"}}',	NULL,	'2026-04-05 16:34:40',	'2026-04-05 16:34:40',	NULL),
(37,	'audit',	'auth.logout',	'App\\Models\\User',	35,	NULL,	'App\\Models\\User',	35,	'{\"meta\": {\"operation\": \"logout\", \"action_label\": \"LOGOUT\", \"target_label\": \"Staff#35\"}}',	NULL,	'2026-04-05 16:34:46',	'2026-04-05 16:34:46',	NULL),
(38,	'audit',	'auth.password_reset',	'App\\Models\\User',	35,	NULL,	NULL,	NULL,	'{\"meta\": {\"operation\": \"reset_password\", \"action_label\": \"RESET_PASSWORD\", \"target_label\": \"Staff#35\"}}',	NULL,	'2026-04-05 16:35:31',	'2026-04-05 16:35:31',	NULL),
(39,	'audit',	'auth.login',	'App\\Models\\User',	2,	NULL,	NULL,	NULL,	'{\"meta\": {\"operation\": \"login\", \"action_label\": \"LOGIN_SUCCESS\", \"target_label\": \"Staff#2\"}}',	NULL,	'2026-04-08 17:53:10',	'2026-04-08 17:53:10',	NULL),
(40,	'audit',	'blog.updated',	'App\\Models\\Blog',	8,	'updated',	'App\\Models\\User',	2,	'{\"meta\": {\"description\": \"Updated Blog#8: content, hashtags, cover image.\", \"action_label\": \"UPDATE_BLOG\", \"target_label\": \"Blog#8\"}}',	NULL,	'2026-04-08 18:03:08',	'2026-04-08 18:03:08',	NULL),
(41,	'audit',	'blog.updated',	'App\\Models\\Blog',	7,	'updated',	'App\\Models\\User',	2,	'{\"meta\": {\"description\": \"Updated Blog#7: content, hashtags, cover image.\", \"action_label\": \"UPDATE_BLOG\", \"target_label\": \"Blog#7\"}}',	NULL,	'2026-04-08 18:03:22',	'2026-04-08 18:03:22',	NULL),
(42,	'audit',	'blog.updated',	'App\\Models\\Blog',	6,	'updated',	'App\\Models\\User',	2,	'{\"meta\": {\"description\": \"Updated Blog#6: content, hashtags, cover image.\", \"action_label\": \"UPDATE_BLOG\", \"target_label\": \"Blog#6\"}}',	NULL,	'2026-04-08 18:03:34',	'2026-04-08 18:03:34',	NULL),
(43,	'audit',	'blog.updated',	'App\\Models\\Blog',	5,	'updated',	'App\\Models\\User',	2,	'{\"meta\": {\"description\": \"Updated Blog#5: content, hashtags, cover image.\", \"action_label\": \"UPDATE_BLOG\", \"target_label\": \"Blog#5\"}}',	NULL,	'2026-04-08 18:03:48',	'2026-04-08 18:03:48',	NULL),
(44,	'audit',	'blog.updated',	'App\\Models\\Blog',	4,	'updated',	'App\\Models\\User',	2,	'{\"meta\": {\"description\": \"Updated Blog#4: content, hashtags, cover image.\", \"action_label\": \"UPDATE_BLOG\", \"target_label\": \"Blog#4\"}}',	NULL,	'2026-04-08 18:03:56',	'2026-04-08 18:03:56',	NULL),
(45,	'audit',	'blog.updated',	'App\\Models\\Blog',	3,	'updated',	'App\\Models\\User',	2,	'{\"meta\": {\"description\": \"Updated Blog#3: content, hashtags, cover image.\", \"action_label\": \"UPDATE_BLOG\", \"target_label\": \"Blog#3\"}}',	NULL,	'2026-04-08 18:04:08',	'2026-04-08 18:04:08',	NULL),
(46,	'audit',	'blog.updated',	'App\\Models\\Blog',	2,	'updated',	'App\\Models\\User',	2,	'{\"meta\": {\"description\": \"Updated Blog#2: content, hashtags, cover image.\", \"action_label\": \"UPDATE_BLOG\", \"target_label\": \"Blog#2\"}}',	NULL,	'2026-04-08 18:04:16',	'2026-04-08 18:04:16',	NULL),
(47,	'audit',	'blog.updated',	'App\\Models\\Blog',	1,	'updated',	'App\\Models\\User',	2,	'{\"meta\": {\"description\": \"Updated Blog#1: content, hashtags, cover image.\", \"action_label\": \"UPDATE_BLOG\", \"target_label\": \"Blog#1\"}}',	NULL,	'2026-04-08 18:04:25',	'2026-04-08 18:04:25',	NULL),
(48,	'audit',	'blog.updated',	'App\\Models\\Blog',	9,	'updated',	'App\\Models\\User',	2,	'{\"old\": {\"title\": \"Kingdom of Thailand ราชอาณาจักรไทย (Thai)    Ratcha-anachak Thai\"}, \"meta\": {\"description\": \"Updated Blog#9: title, content, hashtags, cover image.\", \"action_label\": \"UPDATE_BLOG\", \"target_label\": \"Blog#9\"}, \"attributes\": {\"title\": \"What is Computer Science ?\"}}',	NULL,	'2026-04-08 18:07:07',	'2026-04-08 18:07:07',	NULL),
(49,	'audit',	'blog.updated',	'App\\Models\\Blog',	9,	'updated',	'App\\Models\\User',	2,	'{\"meta\": {\"description\": \"Updated Blog#9: content, hashtags.\", \"action_label\": \"UPDATE_BLOG\", \"target_label\": \"Blog#9\"}}',	NULL,	'2026-04-08 18:07:27',	'2026-04-08 18:07:27',	NULL),
(50,	'audit',	'auth.logout',	'App\\Models\\User',	2,	NULL,	'App\\Models\\User',	2,	'{\"meta\": {\"operation\": \"logout\", \"action_label\": \"LOGOUT\", \"target_label\": \"Staff#2\"}}',	NULL,	'2026-04-08 18:08:55',	'2026-04-08 18:08:55',	NULL),
(51,	'audit',	'auth.login',	'App\\Models\\User',	3,	NULL,	NULL,	NULL,	'{\"meta\": {\"operation\": \"login\", \"action_label\": \"LOGIN_SUCCESS\", \"target_label\": \"Tutor#3\"}}',	NULL,	'2026-04-08 18:09:01',	'2026-04-08 18:09:01',	NULL),
(52,	'audit',	'auth.logout',	'App\\Models\\User',	3,	NULL,	'App\\Models\\User',	3,	'{\"meta\": {\"operation\": \"logout\", \"action_label\": \"LOGOUT\", \"target_label\": \"Tutor#3\"}}',	NULL,	'2026-04-08 18:11:30',	'2026-04-08 18:11:30',	NULL),
(53,	'audit',	'auth.login',	'App\\Models\\User',	2,	NULL,	NULL,	NULL,	'{\"meta\": {\"operation\": \"login\", \"action_label\": \"LOGIN_SUCCESS\", \"target_label\": \"Staff#2\"}}',	NULL,	'2026-04-08 18:11:37',	'2026-04-08 18:11:37',	NULL),
(54,	'audit',	'auth.logout',	'App\\Models\\User',	2,	NULL,	'App\\Models\\User',	2,	'{\"meta\": {\"operation\": \"logout\", \"action_label\": \"LOGOUT\", \"target_label\": \"Staff#2\"}}',	NULL,	'2026-04-08 18:24:11',	'2026-04-08 18:24:11',	NULL),
(55,	'audit',	'auth.login',	'App\\Models\\User',	3,	NULL,	NULL,	NULL,	'{\"meta\": {\"operation\": \"login\", \"action_label\": \"LOGIN_SUCCESS\", \"target_label\": \"Tutor#3\"}}',	NULL,	'2026-04-08 18:24:17',	'2026-04-08 18:24:17',	NULL),
(56,	'audit',	'auth.logout',	'App\\Models\\User',	3,	NULL,	'App\\Models\\User',	3,	'{\"meta\": {\"operation\": \"logout\", \"action_label\": \"LOGOUT\", \"target_label\": \"Tutor#3\"}}',	NULL,	'2026-04-08 18:24:50',	'2026-04-08 18:24:50',	NULL),
(57,	'audit',	'auth.login',	'App\\Models\\User',	4,	NULL,	NULL,	NULL,	'{\"meta\": {\"operation\": \"login\", \"action_label\": \"LOGIN_SUCCESS\", \"target_label\": \"Student#4\"}}',	NULL,	'2026-04-08 18:24:56',	'2026-04-08 18:24:56',	NULL),
(58,	'audit',	'auth.login',	'App\\Models\\User',	1,	NULL,	NULL,	NULL,	'{\"meta\": {\"operation\": \"login\", \"action_label\": \"LOGIN_SUCCESS\", \"target_label\": \"Admin#1\"}}',	NULL,	'2026-04-09 07:44:30',	'2026-04-09 07:44:30',	NULL),
(59,	'audit',	'auth.logout',	'App\\Models\\User',	1,	NULL,	'App\\Models\\User',	1,	'{\"meta\": {\"operation\": \"logout\", \"action_label\": \"LOGOUT\", \"target_label\": \"Admin#1\"}}',	NULL,	'2026-04-09 07:49:13',	'2026-04-09 07:49:13',	NULL),
(60,	'audit',	'auth.login',	'App\\Models\\User',	3,	NULL,	NULL,	NULL,	'{\"meta\": {\"operation\": \"login\", \"action_label\": \"LOGIN_SUCCESS\", \"target_label\": \"Tutor#3\"}}',	NULL,	'2026-04-09 07:49:18',	'2026-04-09 07:49:18',	NULL),
(61,	'audit',	'auth.logout',	'App\\Models\\User',	3,	NULL,	'App\\Models\\User',	3,	'{\"meta\": {\"operation\": \"logout\", \"action_label\": \"LOGOUT\", \"target_label\": \"Tutor#3\"}}',	NULL,	'2026-04-09 07:52:39',	'2026-04-09 07:52:39',	NULL),
(62,	'audit',	'auth.login',	'App\\Models\\User',	4,	NULL,	NULL,	NULL,	'{\"meta\": {\"operation\": \"login\", \"action_label\": \"LOGIN_SUCCESS\", \"target_label\": \"Student#4\"}}',	NULL,	'2026-04-09 07:52:47',	'2026-04-09 07:52:47',	NULL),
(63,	'audit',	'auth.logout',	'App\\Models\\User',	4,	NULL,	'App\\Models\\User',	4,	'{\"meta\": {\"operation\": \"logout\", \"action_label\": \"LOGOUT\", \"target_label\": \"Student#4\"}}',	NULL,	'2026-04-09 14:39:26',	'2026-04-09 14:39:26',	NULL),
(64,	'audit',	'auth.login',	'App\\Models\\User',	3,	NULL,	NULL,	NULL,	'{\"meta\": {\"operation\": \"login\", \"action_label\": \"LOGIN_SUCCESS\", \"target_label\": \"Tutor#3\"}}',	NULL,	'2026-04-09 14:39:31',	'2026-04-09 14:39:31',	NULL),
(65,	'audit',	'auth.logout',	'App\\Models\\User',	3,	NULL,	'App\\Models\\User',	3,	'{\"meta\": {\"operation\": \"logout\", \"action_label\": \"LOGOUT\", \"target_label\": \"Tutor#3\"}}',	NULL,	'2026-04-09 14:39:38',	'2026-04-09 14:39:38',	NULL),
(66,	'audit',	'auth.login',	'App\\Models\\User',	1,	NULL,	NULL,	NULL,	'{\"meta\": {\"operation\": \"login\", \"action_label\": \"LOGIN_SUCCESS\", \"target_label\": \"Admin#1\"}}',	NULL,	'2026-04-09 14:39:43',	'2026-04-09 14:39:43',	NULL),
(67,	'audit',	'tutor_assignment.bulk_created',	NULL,	NULL,	'created',	'App\\Models\\User',	1,	'{\"meta\": {\"description\": \"Created 7 tutor assignments.\", \"action_label\": \"BULK_CREATE_TUTOR_ASSIGNMENT\", \"target_label\": \"Tutor Assignments\"}}',	NULL,	'2026-04-09 14:48:50',	'2026-04-09 14:48:50',	NULL),
(68,	'audit',	'auth.logout',	'App\\Models\\User',	1,	NULL,	'App\\Models\\User',	1,	'{\"meta\": {\"operation\": \"logout\", \"action_label\": \"LOGOUT\", \"target_label\": \"Admin#1\"}}',	NULL,	'2026-04-09 15:09:39',	'2026-04-09 15:09:39',	NULL),
(69,	'audit',	'auth.login',	'App\\Models\\User',	1,	NULL,	NULL,	NULL,	'{\"meta\": {\"operation\": \"login\", \"action_label\": \"LOGIN_SUCCESS\", \"target_label\": \"Admin#1\"}}',	NULL,	'2026-04-09 15:09:47',	'2026-04-09 15:09:47',	NULL),
(70,	'audit',	'auth.logout',	'App\\Models\\User',	1,	NULL,	'App\\Models\\User',	1,	'{\"meta\": {\"operation\": \"logout\", \"action_label\": \"LOGOUT\", \"target_label\": \"Admin#1\"}}',	NULL,	'2026-04-09 15:10:28',	'2026-04-09 15:10:28',	NULL),
(71,	'audit',	'auth.login',	'App\\Models\\User',	1,	NULL,	NULL,	NULL,	'{\"meta\": {\"operation\": \"login\", \"action_label\": \"LOGIN_SUCCESS\", \"target_label\": \"Admin#1\"}}',	NULL,	'2026-04-09 15:16:22',	'2026-04-09 15:16:22',	NULL),
(72,	'audit',	'tutor_assignment.bulk_created',	NULL,	NULL,	'created',	'App\\Models\\User',	1,	'{\"meta\": {\"description\": \"Created 9 tutor assignments.\", \"action_label\": \"BULK_CREATE_TUTOR_ASSIGNMENT\", \"target_label\": \"Tutor Assignments\"}}',	NULL,	'2026-04-09 15:21:31',	'2026-04-09 15:21:31',	NULL),
(73,	'audit',	'meeting.created',	'App\\Models\\Meeting',	2,	'created',	'App\\Models\\User',	1,	'{\"meta\": {\"description\": \"Created Meeting#2.\", \"action_label\": \"CREATE_MEETING\", \"target_label\": \"Meeting#2\"}}',	NULL,	'2026-04-09 15:25:40',	'2026-04-09 15:25:40',	NULL),
(74,	'audit',	'blog.created',	'App\\Models\\Blog',	10,	'created',	'App\\Models\\User',	1,	'{\"meta\": {\"description\": \"Created Blog#10.\", \"action_label\": \"CREATE_BLOG\", \"target_label\": \"Blog#10\"}}',	NULL,	'2026-04-09 15:28:28',	'2026-04-09 15:28:28',	NULL),
(75,	'audit',	'auth.logout',	'App\\Models\\User',	1,	NULL,	'App\\Models\\User',	1,	'{\"meta\": {\"operation\": \"logout\", \"action_label\": \"LOGOUT\", \"target_label\": \"Admin#1\"}}',	NULL,	'2026-04-09 15:31:23',	'2026-04-09 15:31:23',	NULL),
(76,	'audit',	'auth.login',	'App\\Models\\User',	3,	NULL,	NULL,	NULL,	'{\"meta\": {\"operation\": \"login\", \"action_label\": \"LOGIN_SUCCESS\", \"target_label\": \"Tutor#3\"}}',	NULL,	'2026-04-09 15:31:29',	'2026-04-09 15:31:29',	NULL),
(77,	'audit',	'auth.logout',	'App\\Models\\User',	3,	NULL,	'App\\Models\\User',	3,	'{\"meta\": {\"operation\": \"logout\", \"action_label\": \"LOGOUT\", \"target_label\": \"Tutor#3\"}}',	NULL,	'2026-04-09 15:34:37',	'2026-04-09 15:34:37',	NULL),
(78,	'audit',	'auth.login',	'App\\Models\\User',	4,	NULL,	NULL,	NULL,	'{\"meta\": {\"operation\": \"login\", \"action_label\": \"LOGIN_SUCCESS\", \"target_label\": \"Student#4\"}}',	NULL,	'2026-04-09 15:34:41',	'2026-04-09 15:34:41',	NULL),
(79,	'audit',	'auth.logout',	'App\\Models\\User',	4,	NULL,	'App\\Models\\User',	4,	'{\"meta\": {\"operation\": \"logout\", \"action_label\": \"LOGOUT\", \"target_label\": \"Student#4\"}}',	NULL,	'2026-04-09 15:38:33',	'2026-04-09 15:38:33',	NULL),
(80,	'audit',	'auth.login',	'App\\Models\\User',	1,	NULL,	NULL,	NULL,	'{\"meta\": {\"operation\": \"login\", \"action_label\": \"LOGIN_SUCCESS\", \"target_label\": \"Admin#1\"}}',	NULL,	'2026-04-09 15:41:36',	'2026-04-09 15:41:36',	NULL),
(81,	'audit',	'auth.logout',	'App\\Models\\User',	1,	NULL,	'App\\Models\\User',	1,	'{\"meta\": {\"operation\": \"logout\", \"action_label\": \"LOGOUT\", \"target_label\": \"Admin#1\"}}',	NULL,	'2026-04-09 15:53:24',	'2026-04-09 15:53:24',	NULL),
(82,	'audit',	'auth.logout',	'App\\Models\\User',	4,	NULL,	'App\\Models\\User',	4,	'{\"meta\": {\"operation\": \"logout\", \"action_label\": \"LOGOUT\", \"target_label\": \"Student#4\"}}',	NULL,	'2026-04-11 14:06:29',	'2026-04-11 14:06:29',	NULL),
(83,	'audit',	'auth.login',	'App\\Models\\User',	2,	NULL,	NULL,	NULL,	'{\"meta\": {\"operation\": \"login\", \"action_label\": \"LOGIN_SUCCESS\", \"target_label\": \"Staff#2\"}}',	NULL,	'2026-04-11 14:08:03',	'2026-04-11 14:08:03',	NULL),
(84,	'audit',	'user.created',	'App\\Models\\User',	36,	'created',	'App\\Models\\User',	2,	'{\"meta\": {\"description\": \"Created Student#36.\", \"action_label\": \"CREATE_USER\", \"target_label\": \"Student#36\"}}',	NULL,	'2026-04-11 14:09:04',	'2026-04-11 14:09:04',	NULL),
(85,	'audit',	'tutor_assignment.created',	'App\\Models\\TutorAssignment',	26,	'created',	'App\\Models\\User',	2,	'{\"meta\": {\"description\": \"Created TutorAssignment#26.\", \"action_label\": \"CREATE_TUTOR_ASSIGNMENT\", \"target_label\": \"TutorAssignment#26\"}}',	NULL,	'2026-04-11 14:09:04',	'2026-04-11 14:09:04',	NULL),
(86,	'audit',	'auth.logout',	'App\\Models\\User',	2,	NULL,	'App\\Models\\User',	2,	'{\"meta\": {\"operation\": \"logout\", \"action_label\": \"LOGOUT\", \"target_label\": \"Staff#2\"}}',	NULL,	'2026-04-11 14:09:14',	'2026-04-11 14:09:14',	NULL),
(87,	'audit',	'auth.login',	'App\\Models\\User',	36,	NULL,	NULL,	NULL,	'{\"meta\": {\"operation\": \"login\", \"action_label\": \"LOGIN_SUCCESS\", \"target_label\": \"Student#36\"}}',	NULL,	'2026-04-11 14:09:20',	'2026-04-11 14:09:20',	NULL),
(88,	'audit',	'auth.logout',	'App\\Models\\User',	36,	NULL,	'App\\Models\\User',	36,	'{\"meta\": {\"operation\": \"logout\", \"action_label\": \"LOGOUT\", \"target_label\": \"Student#36\"}}',	NULL,	'2026-04-11 14:09:42',	'2026-04-11 14:09:42',	NULL),
(89,	'audit',	'auth.login',	'App\\Models\\User',	36,	NULL,	NULL,	NULL,	'{\"meta\": {\"operation\": \"login\", \"action_label\": \"LOGIN_SUCCESS\", \"target_label\": \"Student#36\"}}',	NULL,	'2026-04-11 14:20:11',	'2026-04-11 14:20:11',	NULL),
(90,	'audit',	'auth.login',	'App\\Models\\User',	1,	NULL,	NULL,	NULL,	'{\"meta\": {\"operation\": \"login\", \"action_label\": \"LOGIN_SUCCESS\", \"target_label\": \"Admin#1\"}}',	NULL,	'2026-04-11 17:19:19',	'2026-04-11 17:19:19',	NULL),
(91,	'audit',	'auth.logout',	'App\\Models\\User',	3,	NULL,	'App\\Models\\User',	3,	'{\"meta\": {\"operation\": \"logout\", \"action_label\": \"LOGOUT\", \"target_label\": \"Tutor#3\"}}',	NULL,	'2026-04-12 10:55:32',	'2026-04-12 10:55:32',	NULL),
(92,	'audit',	'auth.logout',	'App\\Models\\User',	1,	NULL,	'App\\Models\\User',	1,	'{\"meta\": {\"operation\": \"logout\", \"action_label\": \"LOGOUT\", \"target_label\": \"Admin#1\"}}',	NULL,	'2026-04-13 14:09:23',	'2026-04-13 14:09:23',	NULL),
(93,	'audit',	'auth.login',	'App\\Models\\User',	34,	NULL,	NULL,	NULL,	'{\"meta\": {\"operation\": \"login\", \"action_label\": \"LOGIN_SUCCESS\", \"target_label\": \"Staff#34\"}}',	NULL,	'2026-04-13 14:09:27',	'2026-04-13 14:09:27',	NULL),
(94,	'audit',	'auth.logout',	'App\\Models\\User',	34,	NULL,	'App\\Models\\User',	34,	'{\"meta\": {\"operation\": \"logout\", \"action_label\": \"LOGOUT\", \"target_label\": \"Staff#34\"}}',	NULL,	'2026-04-13 14:09:35',	'2026-04-13 14:09:35',	NULL),
(95,	'audit',	'auth.login',	'App\\Models\\User',	30,	NULL,	NULL,	NULL,	'{\"meta\": {\"operation\": \"login\", \"action_label\": \"LOGIN_SUCCESS\", \"target_label\": \"Tutor#30\"}}',	NULL,	'2026-04-13 14:09:39',	'2026-04-13 14:09:39',	NULL),
(96,	'audit',	'auth.login',	'App\\Models\\User',	1,	NULL,	NULL,	NULL,	'{\"meta\": {\"operation\": \"login\", \"action_label\": \"LOGIN_SUCCESS\", \"target_label\": \"Admin#1\"}}',	NULL,	'2026-04-13 14:50:10',	'2026-04-13 14:50:10',	NULL),
(97,	'audit',	'user.updated',	'App\\Models\\User',	17,	'updated',	'App\\Models\\User',	1,	'{\"meta\": {\"description\": \"Updated Student#17: password.\", \"action_label\": \"UPDATE_USER\", \"target_label\": \"Student#17\"}}',	NULL,	'2026-04-13 14:53:51',	'2026-04-13 14:53:51',	NULL),
(98,	'audit',	'auth.logout',	'App\\Models\\User',	1,	NULL,	'App\\Models\\User',	1,	'{\"meta\": {\"operation\": \"logout\", \"action_label\": \"LOGOUT\", \"target_label\": \"Admin#1\"}}',	NULL,	'2026-04-13 14:53:56',	'2026-04-13 14:53:56',	NULL),
(99,	'audit',	'auth.login',	'App\\Models\\User',	17,	NULL,	NULL,	NULL,	'{\"meta\": {\"operation\": \"login\", \"action_label\": \"LOGIN_SUCCESS\", \"target_label\": \"Student#17\"}}',	NULL,	'2026-04-13 14:54:03',	'2026-04-13 14:54:03',	NULL),
(100,	'audit',	'auth.logout',	'App\\Models\\User',	17,	NULL,	'App\\Models\\User',	17,	'{\"meta\": {\"operation\": \"logout\", \"action_label\": \"LOGOUT\", \"target_label\": \"Student#17\"}}',	NULL,	'2026-04-13 14:55:38',	'2026-04-13 14:55:38',	NULL),
(101,	'audit',	'auth.login',	'App\\Models\\User',	1,	NULL,	NULL,	NULL,	'{\"meta\": {\"operation\": \"login\", \"action_label\": \"LOGIN_SUCCESS\", \"target_label\": \"Admin#1\"}}',	NULL,	'2026-04-13 14:55:41',	'2026-04-13 14:55:41',	NULL),
(102,	'audit',	'auth.logout',	'App\\Models\\User',	1,	NULL,	'App\\Models\\User',	1,	'{\"meta\": {\"operation\": \"logout\", \"action_label\": \"LOGOUT\", \"target_label\": \"Admin#1\"}}',	NULL,	'2026-04-13 14:57:10',	'2026-04-13 14:57:10',	NULL),
(103,	'audit',	'auth.login',	'App\\Models\\User',	2,	NULL,	NULL,	NULL,	'{\"meta\": {\"operation\": \"login\", \"action_label\": \"LOGIN_SUCCESS\", \"target_label\": \"Staff#2\"}}',	NULL,	'2026-04-13 14:57:17',	'2026-04-13 14:57:17',	NULL),
(104,	'audit',	'auth.logout',	'App\\Models\\User',	2,	NULL,	'App\\Models\\User',	2,	'{\"meta\": {\"operation\": \"logout\", \"action_label\": \"LOGOUT\", \"target_label\": \"Staff#2\"}}',	NULL,	'2026-04-13 15:02:30',	'2026-04-13 15:02:30',	NULL),
(105,	'audit',	'auth.login',	'App\\Models\\User',	3,	NULL,	NULL,	NULL,	'{\"meta\": {\"operation\": \"login\", \"action_label\": \"LOGIN_SUCCESS\", \"target_label\": \"Tutor#3\"}}',	NULL,	'2026-04-13 15:02:35',	'2026-04-13 15:02:35',	NULL),
(106,	'audit',	'auth.logout',	'App\\Models\\User',	3,	NULL,	'App\\Models\\User',	3,	'{\"meta\": {\"operation\": \"logout\", \"action_label\": \"LOGOUT\", \"target_label\": \"Tutor#3\"}}',	NULL,	'2026-04-13 15:05:16',	'2026-04-13 15:05:16',	NULL),
(107,	'audit',	'auth.login',	'App\\Models\\User',	1,	NULL,	NULL,	NULL,	'{\"meta\": {\"operation\": \"login\", \"action_label\": \"LOGIN_SUCCESS\", \"target_label\": \"Admin#1\"}}',	NULL,	'2026-04-13 15:05:48',	'2026-04-13 15:05:48',	NULL),
(108,	'audit',	'user.updated',	'App\\Models\\User',	4,	'updated',	'App\\Models\\User',	1,	'{\"meta\": {\"description\": \"Updated Student#4: password.\", \"action_label\": \"UPDATE_USER\", \"target_label\": \"Student#4\"}}',	NULL,	'2026-04-13 15:06:18',	'2026-04-13 15:06:18',	NULL),
(109,	'audit',	'auth.logout',	'App\\Models\\User',	1,	NULL,	'App\\Models\\User',	1,	'{\"meta\": {\"operation\": \"logout\", \"action_label\": \"LOGOUT\", \"target_label\": \"Admin#1\"}}',	NULL,	'2026-04-13 15:06:21',	'2026-04-13 15:06:21',	NULL),
(110,	'audit',	'auth.login',	'App\\Models\\User',	4,	NULL,	NULL,	NULL,	'{\"meta\": {\"operation\": \"login\", \"action_label\": \"LOGIN_SUCCESS\", \"target_label\": \"Student#4\"}}',	NULL,	'2026-04-13 15:06:26',	'2026-04-13 15:06:26',	NULL),
(111,	'audit',	'auth.logout',	'App\\Models\\User',	4,	NULL,	'App\\Models\\User',	4,	'{\"meta\": {\"operation\": \"logout\", \"action_label\": \"LOGOUT\", \"target_label\": \"Student#4\"}}',	NULL,	'2026-04-13 15:11:45',	'2026-04-13 15:11:45',	NULL),
(112,	'audit',	'auth.login',	'App\\Models\\User',	2,	NULL,	NULL,	NULL,	'{\"meta\": {\"operation\": \"login\", \"action_label\": \"LOGIN_SUCCESS\", \"target_label\": \"Staff#2\"}}',	NULL,	'2026-04-13 15:11:48',	'2026-04-13 15:11:48',	NULL),
(113,	'audit',	'auth.logout',	'App\\Models\\User',	2,	NULL,	'App\\Models\\User',	2,	'{\"meta\": {\"operation\": \"logout\", \"action_label\": \"LOGOUT\", \"target_label\": \"Staff#2\"}}',	NULL,	'2026-04-13 15:15:22',	'2026-04-13 15:15:22',	NULL),
(114,	'audit',	'auth.login',	'App\\Models\\User',	3,	NULL,	NULL,	NULL,	'{\"meta\": {\"operation\": \"login\", \"action_label\": \"LOGIN_SUCCESS\", \"target_label\": \"Tutor#3\"}}',	NULL,	'2026-04-13 15:15:30',	'2026-04-13 15:15:30',	NULL),
(115,	'audit',	'auth.logout',	'App\\Models\\User',	3,	NULL,	'App\\Models\\User',	3,	'{\"meta\": {\"operation\": \"logout\", \"action_label\": \"LOGOUT\", \"target_label\": \"Tutor#3\"}}',	NULL,	'2026-04-13 15:18:03',	'2026-04-13 15:18:03',	NULL),
(116,	'audit',	'auth.login',	'App\\Models\\User',	1,	NULL,	NULL,	NULL,	'{\"meta\": {\"operation\": \"login\", \"action_label\": \"LOGIN_SUCCESS\", \"target_label\": \"Admin#1\"}}',	NULL,	'2026-04-13 15:18:06',	'2026-04-13 15:18:06',	NULL),
(117,	'audit',	'blog.status_updated',	'App\\Models\\Blog',	10,	'updated',	'App\\Models\\User',	1,	'{\"old\": {\"is_active\": true}, \"meta\": {\"description\": \"Updated Blog#10 status to inactive.\", \"action_label\": \"UPDATE_BLOG_STATUS\", \"target_label\": \"Blog#10\"}, \"attributes\": {\"is_active\": false}}',	NULL,	'2026-04-13 15:18:16',	'2026-04-13 15:18:16',	NULL),
(118,	'audit',	'auth.logout',	'App\\Models\\User',	1,	NULL,	'App\\Models\\User',	1,	'{\"meta\": {\"operation\": \"logout\", \"action_label\": \"LOGOUT\", \"target_label\": \"Admin#1\"}}',	NULL,	'2026-04-13 15:18:28',	'2026-04-13 15:18:28',	NULL),
(119,	'audit',	'auth.login',	'App\\Models\\User',	3,	NULL,	NULL,	NULL,	'{\"meta\": {\"operation\": \"login\", \"action_label\": \"LOGIN_SUCCESS\", \"target_label\": \"Tutor#3\"}}',	NULL,	'2026-04-13 15:18:41',	'2026-04-13 15:18:41',	NULL),
(120,	'audit',	'auth.logout',	'App\\Models\\User',	3,	NULL,	'App\\Models\\User',	3,	'{\"meta\": {\"operation\": \"logout\", \"action_label\": \"LOGOUT\", \"target_label\": \"Tutor#3\"}}',	NULL,	'2026-04-13 15:20:07',	'2026-04-13 15:20:07',	NULL),
(121,	'audit',	'auth.login',	'App\\Models\\User',	1,	NULL,	NULL,	NULL,	'{\"meta\": {\"operation\": \"login\", \"action_label\": \"LOGIN_SUCCESS\", \"target_label\": \"Admin#1\"}}',	NULL,	'2026-04-13 15:20:10',	'2026-04-13 15:20:10',	NULL),
(122,	'audit',	'auth.login',	'App\\Models\\User',	1,	NULL,	NULL,	NULL,	'{\"meta\": {\"operation\": \"login\", \"action_label\": \"LOGIN_SUCCESS\", \"target_label\": \"Admin#1\"}}',	NULL,	'2026-04-14 07:46:10',	'2026-04-14 07:46:10',	NULL),
(123,	'audit',	'auth.login',	'App\\Models\\User',	1,	NULL,	NULL,	NULL,	'{\"meta\": {\"operation\": \"login\", \"action_label\": \"LOGIN_SUCCESS\", \"target_label\": \"Admin#1\"}}',	NULL,	'2026-04-14 09:15:46',	'2026-04-14 09:15:46',	NULL),
(124,	'audit',	'auth.logout',	'App\\Models\\User',	1,	NULL,	'App\\Models\\User',	1,	'{\"meta\": {\"operation\": \"logout\", \"action_label\": \"LOGOUT\", \"target_label\": \"Admin#1\"}}',	NULL,	'2026-04-14 13:29:47',	'2026-04-14 13:29:47',	NULL),
(125,	'audit',	'auth.login',	'App\\Models\\User',	2,	NULL,	NULL,	NULL,	'{\"meta\": {\"operation\": \"login\", \"action_label\": \"LOGIN_SUCCESS\", \"target_label\": \"Staff#2\"}}',	NULL,	'2026-04-14 13:29:50',	'2026-04-14 13:29:50',	NULL),
(126,	'audit',	'auth.logout',	'App\\Models\\User',	36,	NULL,	'App\\Models\\User',	36,	'{\"meta\": {\"operation\": \"logout\", \"action_label\": \"LOGOUT\", \"target_label\": \"Student#36\"}}',	NULL,	'2026-04-14 13:37:38',	'2026-04-14 13:37:38',	NULL),
(127,	'audit',	'auth.login',	'App\\Models\\User',	3,	NULL,	NULL,	NULL,	'{\"meta\": {\"operation\": \"login\", \"action_label\": \"LOGIN_SUCCESS\", \"target_label\": \"Tutor#3\"}}',	NULL,	'2026-04-14 13:37:45',	'2026-04-14 13:37:45',	NULL),
(128,	'audit',	'auth.logout',	'App\\Models\\User',	3,	NULL,	'App\\Models\\User',	3,	'{\"meta\": {\"operation\": \"logout\", \"action_label\": \"LOGOUT\", \"target_label\": \"Tutor#3\"}}',	NULL,	'2026-04-14 13:41:22',	'2026-04-14 13:41:22',	NULL),
(129,	'audit',	'auth.logout',	'App\\Models\\User',	2,	NULL,	'App\\Models\\User',	2,	'{\"meta\": {\"operation\": \"logout\", \"action_label\": \"LOGOUT\", \"target_label\": \"Staff#2\"}}',	NULL,	'2026-04-14 13:42:14',	'2026-04-14 13:42:14',	NULL),
(130,	'audit',	'auth.login',	'App\\Models\\User',	2,	NULL,	NULL,	NULL,	'{\"meta\": {\"operation\": \"login\", \"action_label\": \"LOGIN_SUCCESS\", \"target_label\": \"Staff#2\"}}',	NULL,	'2026-04-14 13:42:20',	'2026-04-14 13:42:20',	NULL),
(131,	'audit',	'auth.logout',	'App\\Models\\User',	2,	NULL,	'App\\Models\\User',	2,	'{\"meta\": {\"operation\": \"logout\", \"action_label\": \"LOGOUT\", \"target_label\": \"Staff#2\"}}',	NULL,	'2026-04-14 13:43:03',	'2026-04-14 13:43:03',	NULL),
(132,	'audit',	'auth.login',	'App\\Models\\User',	2,	NULL,	NULL,	NULL,	'{\"meta\": {\"operation\": \"login\", \"action_label\": \"LOGIN_SUCCESS\", \"target_label\": \"Staff#2\"}}',	NULL,	'2026-04-14 13:43:20',	'2026-04-14 13:43:20',	NULL),
(133,	'audit',	'user.updated',	'App\\Models\\User',	4,	'updated',	'App\\Models\\User',	2,	'{\"meta\": {\"description\": \"Updated Student#4: password.\", \"action_label\": \"UPDATE_USER\", \"target_label\": \"Student#4\"}}',	NULL,	'2026-04-14 13:43:33',	'2026-04-14 13:43:33',	NULL),
(134,	'audit',	'auth.login',	'App\\Models\\User',	2,	NULL,	NULL,	NULL,	'{\"meta\": {\"operation\": \"login\", \"action_label\": \"LOGIN_SUCCESS\", \"target_label\": \"Staff#2\"}}',	NULL,	'2026-04-14 13:44:09',	'2026-04-14 13:44:09',	NULL),
(135,	'audit',	'auth.logout',	'App\\Models\\User',	2,	NULL,	'App\\Models\\User',	2,	'{\"meta\": {\"operation\": \"logout\", \"action_label\": \"LOGOUT\", \"target_label\": \"Staff#2\"}}',	NULL,	'2026-04-14 13:54:10',	'2026-04-14 13:54:10',	NULL),
(136,	'audit',	'auth.login',	'App\\Models\\User',	4,	NULL,	NULL,	NULL,	'{\"meta\": {\"operation\": \"login\", \"action_label\": \"LOGIN_SUCCESS\", \"target_label\": \"Student#4\"}}',	NULL,	'2026-04-14 13:58:12',	'2026-04-14 13:58:12',	NULL),
(137,	'audit',	'auth.logout',	'App\\Models\\User',	2,	NULL,	'App\\Models\\User',	2,	'{\"meta\": {\"operation\": \"logout\", \"action_label\": \"LOGOUT\", \"target_label\": \"Staff#2\"}}',	NULL,	'2026-04-14 14:00:07',	'2026-04-14 14:00:07',	NULL),
(138,	'audit',	'auth.login',	'App\\Models\\User',	3,	NULL,	NULL,	NULL,	'{\"meta\": {\"operation\": \"login\", \"action_label\": \"LOGIN_SUCCESS\", \"target_label\": \"Tutor#3\"}}',	NULL,	'2026-04-14 14:00:14',	'2026-04-14 14:00:14',	NULL),
(139,	'audit',	'auth.logout',	'App\\Models\\User',	3,	NULL,	'App\\Models\\User',	3,	'{\"meta\": {\"operation\": \"logout\", \"action_label\": \"LOGOUT\", \"target_label\": \"Tutor#3\"}}',	NULL,	'2026-04-14 14:01:46',	'2026-04-14 14:01:46',	NULL),
(140,	'audit',	'auth.login',	'App\\Models\\User',	4,	NULL,	NULL,	NULL,	'{\"meta\": {\"operation\": \"login\", \"action_label\": \"LOGIN_SUCCESS\", \"target_label\": \"Student#4\"}}',	NULL,	'2026-04-14 14:04:17',	'2026-04-14 14:04:17',	NULL),
(141,	'audit',	'auth.logout',	'App\\Models\\User',	4,	NULL,	'App\\Models\\User',	4,	'{\"meta\": {\"operation\": \"logout\", \"action_label\": \"LOGOUT\", \"target_label\": \"Student#4\"}}',	NULL,	'2026-04-14 14:08:06',	'2026-04-14 14:08:06',	NULL),
(142,	'audit',	'auth.login',	'App\\Models\\User',	4,	NULL,	NULL,	NULL,	'{\"meta\": {\"operation\": \"login\", \"action_label\": \"LOGIN_SUCCESS\", \"target_label\": \"Student#4\"}}',	NULL,	'2026-04-14 14:08:17',	'2026-04-14 14:08:17',	NULL),
(143,	'audit',	'auth.logout',	'App\\Models\\User',	4,	NULL,	'App\\Models\\User',	4,	'{\"meta\": {\"operation\": \"logout\", \"action_label\": \"LOGOUT\", \"target_label\": \"Student#4\"}}',	NULL,	'2026-04-14 14:08:34',	'2026-04-14 14:08:34',	NULL),
(144,	'audit',	'auth.login',	'App\\Models\\User',	2,	NULL,	NULL,	NULL,	'{\"meta\": {\"operation\": \"login\", \"action_label\": \"LOGIN_SUCCESS\", \"target_label\": \"Staff#2\"}}',	NULL,	'2026-04-14 14:08:41',	'2026-04-14 14:08:41',	NULL),
(145,	'audit',	'auth.logout',	'App\\Models\\User',	4,	NULL,	'App\\Models\\User',	4,	'{\"meta\": {\"operation\": \"logout\", \"action_label\": \"LOGOUT\", \"target_label\": \"Student#4\"}}',	NULL,	'2026-04-14 14:12:40',	'2026-04-14 14:12:40',	NULL),
(146,	'audit',	'auth.login',	'App\\Models\\User',	2,	NULL,	NULL,	NULL,	'{\"meta\": {\"operation\": \"login\", \"action_label\": \"LOGIN_SUCCESS\", \"target_label\": \"Staff#2\"}}',	NULL,	'2026-04-14 14:12:43',	'2026-04-14 14:12:43',	NULL),
(147,	'audit',	'blog.deleted',	'App\\Models\\Blog',	10,	'deleted',	'App\\Models\\User',	2,	'{\"meta\": {\"description\": \"Deleted Blog#10.\", \"action_label\": \"DELETE_BLOG\", \"target_label\": \"Blog#10\"}}',	NULL,	'2026-04-14 14:14:35',	'2026-04-14 14:14:35',	NULL),
(148,	'audit',	'auth.logout',	'App\\Models\\User',	2,	NULL,	'App\\Models\\User',	2,	'{\"meta\": {\"operation\": \"logout\", \"action_label\": \"LOGOUT\", \"target_label\": \"Staff#2\"}}',	NULL,	'2026-04-14 14:14:36',	'2026-04-14 14:14:36',	NULL),
(149,	'audit',	'auth.login',	'App\\Models\\User',	3,	NULL,	NULL,	NULL,	'{\"meta\": {\"operation\": \"login\", \"action_label\": \"LOGIN_SUCCESS\", \"target_label\": \"Tutor#3\"}}',	NULL,	'2026-04-14 14:14:42',	'2026-04-14 14:14:42',	NULL),
(150,	'audit',	'auth.logout',	'App\\Models\\User',	3,	NULL,	'App\\Models\\User',	3,	'{\"meta\": {\"operation\": \"logout\", \"action_label\": \"LOGOUT\", \"target_label\": \"Tutor#3\"}}',	NULL,	'2026-04-14 14:17:05',	'2026-04-14 14:17:05',	NULL),
(151,	'audit',	'auth.login',	'App\\Models\\User',	2,	NULL,	NULL,	NULL,	'{\"meta\": {\"operation\": \"login\", \"action_label\": \"LOGIN_SUCCESS\", \"target_label\": \"Staff#2\"}}',	NULL,	'2026-04-14 14:17:12',	'2026-04-14 14:17:12',	NULL),
(152,	'audit',	'auth.logout',	'App\\Models\\User',	2,	NULL,	'App\\Models\\User',	2,	'{\"meta\": {\"operation\": \"logout\", \"action_label\": \"LOGOUT\", \"target_label\": \"Staff#2\"}}',	NULL,	'2026-04-14 15:17:02',	'2026-04-14 15:17:02',	NULL),
(153,	'audit',	'auth.login',	'App\\Models\\User',	3,	NULL,	NULL,	NULL,	'{\"meta\": {\"operation\": \"login\", \"action_label\": \"LOGIN_SUCCESS\", \"target_label\": \"Tutor#3\"}}',	NULL,	'2026-04-14 15:17:09',	'2026-04-14 15:17:09',	NULL),
(154,	'audit',	'auth.login',	'App\\Models\\User',	1,	NULL,	NULL,	NULL,	'{\"meta\": {\"operation\": \"login\", \"action_label\": \"LOGIN_SUCCESS\", \"target_label\": \"Admin#1\"}}',	NULL,	'2026-04-14 16:26:34',	'2026-04-14 16:26:34',	NULL),
(155,	'audit',	'auth.login',	'App\\Models\\User',	1,	NULL,	NULL,	NULL,	'{\"meta\": {\"operation\": \"login\", \"action_label\": \"LOGIN_SUCCESS\", \"target_label\": \"Admin#1\"}}',	NULL,	'2026-04-15 02:46:51',	'2026-04-15 02:46:51',	NULL),
(156,	'audit',	'user.updated',	'App\\Models\\User',	1,	'updated',	'App\\Models\\User',	1,	'{\"meta\": {\"description\": \"Updated Admin#1: password.\", \"action_label\": \"UPDATE_USER\", \"target_label\": \"Admin#1\"}}',	NULL,	'2026-04-15 02:47:10',	'2026-04-15 02:47:10',	NULL),
(157,	'audit',	'auth.logout',	'App\\Models\\User',	1,	NULL,	'App\\Models\\User',	1,	'{\"meta\": {\"operation\": \"logout\", \"action_label\": \"LOGOUT\", \"target_label\": \"Admin#1\"}}',	NULL,	'2026-04-15 02:47:13',	'2026-04-15 02:47:13',	NULL),
(158,	'audit',	'auth.login',	'App\\Models\\User',	1,	NULL,	NULL,	NULL,	'{\"meta\": {\"operation\": \"login\", \"action_label\": \"LOGIN_SUCCESS\", \"target_label\": \"Admin#1\"}}',	NULL,	'2026-04-15 02:47:39',	'2026-04-15 02:47:39',	NULL),
(159,	'audit',	'auth.logout',	'App\\Models\\User',	1,	NULL,	'App\\Models\\User',	1,	'{\"meta\": {\"operation\": \"logout\", \"action_label\": \"LOGOUT\", \"target_label\": \"Admin#1\"}}',	NULL,	'2026-04-15 02:47:43',	'2026-04-15 02:47:43',	NULL),
(160,	'audit',	'auth.login',	'App\\Models\\User',	2,	NULL,	NULL,	NULL,	'{\"meta\": {\"operation\": \"login\", \"action_label\": \"LOGIN_SUCCESS\", \"target_label\": \"Staff#2\"}}',	NULL,	'2026-04-15 02:48:06',	'2026-04-15 02:48:06',	NULL),
(161,	'audit',	'user.updated',	'App\\Models\\User',	2,	'updated',	'App\\Models\\User',	2,	'{\"meta\": {\"description\": \"Updated Staff#2: password.\", \"action_label\": \"UPDATE_USER\", \"target_label\": \"Staff#2\"}}',	NULL,	'2026-04-15 02:48:20',	'2026-04-15 02:48:20',	NULL),
(162,	'audit',	'auth.logout',	'App\\Models\\User',	2,	NULL,	'App\\Models\\User',	2,	'{\"meta\": {\"operation\": \"logout\", \"action_label\": \"LOGOUT\", \"target_label\": \"Staff#2\"}}',	NULL,	'2026-04-15 02:48:25',	'2026-04-15 02:48:25',	NULL),
(163,	'audit',	'auth.login',	'App\\Models\\User',	2,	NULL,	NULL,	NULL,	'{\"meta\": {\"operation\": \"login\", \"action_label\": \"LOGIN_SUCCESS\", \"target_label\": \"Staff#2\"}}',	NULL,	'2026-04-15 02:48:43',	'2026-04-15 02:48:43',	NULL),
(164,	'audit',	'auth.logout',	'App\\Models\\User',	2,	NULL,	'App\\Models\\User',	2,	'{\"meta\": {\"operation\": \"logout\", \"action_label\": \"LOGOUT\", \"target_label\": \"Staff#2\"}}',	NULL,	'2026-04-15 02:48:53',	'2026-04-15 02:48:53',	NULL),
(165,	'audit',	'auth.login',	'App\\Models\\User',	3,	NULL,	NULL,	NULL,	'{\"meta\": {\"operation\": \"login\", \"action_label\": \"LOGIN_SUCCESS\", \"target_label\": \"Tutor#3\"}}',	NULL,	'2026-04-15 02:48:59',	'2026-04-15 02:48:59',	NULL),
(166,	'audit',	'user.updated',	'App\\Models\\User',	3,	'updated',	'App\\Models\\User',	3,	'{\"meta\": {\"description\": \"Updated Tutor#3: password.\", \"action_label\": \"UPDATE_USER\", \"target_label\": \"Tutor#3\"}}',	NULL,	'2026-04-15 02:49:17',	'2026-04-15 02:49:17',	NULL),
(167,	'audit',	'auth.logout',	'App\\Models\\User',	3,	NULL,	'App\\Models\\User',	3,	'{\"meta\": {\"operation\": \"logout\", \"action_label\": \"LOGOUT\", \"target_label\": \"Tutor#3\"}}',	NULL,	'2026-04-15 02:49:20',	'2026-04-15 02:49:20',	NULL),
(168,	'audit',	'auth.login',	'App\\Models\\User',	3,	NULL,	NULL,	NULL,	'{\"meta\": {\"operation\": \"login\", \"action_label\": \"LOGIN_SUCCESS\", \"target_label\": \"Tutor#3\"}}',	NULL,	'2026-04-15 02:49:34',	'2026-04-15 02:49:34',	NULL),
(169,	'audit',	'auth.logout',	'App\\Models\\User',	3,	NULL,	'App\\Models\\User',	3,	'{\"meta\": {\"operation\": \"logout\", \"action_label\": \"LOGOUT\", \"target_label\": \"Tutor#3\"}}',	NULL,	'2026-04-15 02:49:36',	'2026-04-15 02:49:36',	NULL),
(170,	'audit',	'auth.login',	'App\\Models\\User',	4,	NULL,	NULL,	NULL,	'{\"meta\": {\"operation\": \"login\", \"action_label\": \"LOGIN_SUCCESS\", \"target_label\": \"Student#4\"}}',	NULL,	'2026-04-15 02:49:47',	'2026-04-15 02:49:47',	NULL),
(171,	'audit',	'user.updated',	'App\\Models\\User',	4,	'updated',	'App\\Models\\User',	4,	'{\"meta\": {\"description\": \"Updated Student#4: password.\", \"action_label\": \"UPDATE_USER\", \"target_label\": \"Student#4\"}}',	NULL,	'2026-04-15 02:50:04',	'2026-04-15 02:50:04',	NULL),
(172,	'audit',	'auth.logout',	'App\\Models\\User',	4,	NULL,	'App\\Models\\User',	4,	'{\"meta\": {\"operation\": \"logout\", \"action_label\": \"LOGOUT\", \"target_label\": \"Student#4\"}}',	NULL,	'2026-04-15 02:50:09',	'2026-04-15 02:50:09',	NULL),
(173,	'audit',	'auth.login',	'App\\Models\\User',	4,	NULL,	NULL,	NULL,	'{\"meta\": {\"operation\": \"login\", \"action_label\": \"LOGIN_SUCCESS\", \"target_label\": \"Student#4\"}}',	NULL,	'2026-04-15 02:50:31',	'2026-04-15 02:50:31',	NULL);

DROP TABLE IF EXISTS `blog_comments`;
CREATE TABLE `blog_comments` (
  `id` bigint unsigned NOT NULL AUTO_INCREMENT,
  `blog_id` bigint unsigned NOT NULL,
  `commenter_user_id` bigint unsigned DEFAULT NULL,
  `comment_text` text COLLATE utf8mb4_unicode_ci NOT NULL,
  `created_at` timestamp NULL DEFAULT NULL,
  `updated_at` timestamp NULL DEFAULT NULL,
  `deleted_at` timestamp NULL DEFAULT NULL,
  PRIMARY KEY (`id`),
  KEY `blog_comments_commenter_user_id_foreign` (`commenter_user_id`),
  KEY `blog_comments_blog_id_created_at_index` (`blog_id`,`created_at`),
  CONSTRAINT `blog_comments_blog_id_foreign` FOREIGN KEY (`blog_id`) REFERENCES `blogs` (`id`) ON DELETE CASCADE,
  CONSTRAINT `blog_comments_commenter_user_id_foreign` FOREIGN KEY (`commenter_user_id`) REFERENCES `users` (`id`) ON DELETE SET NULL
) ENGINE=InnoDB DEFAULT CHARSET=utf8mb4 COLLATE=utf8mb4_unicode_ci;

INSERT INTO `blog_comments` (`id`, `blog_id`, `commenter_user_id`, `comment_text`, `created_at`, `updated_at`, `deleted_at`) VALUES
(1,	1,	3,	'This gives tutors a clear place to share updates with students.',	'2026-04-05 07:19:52',	'2026-04-05 07:19:52',	NULL),
(2,	1,	4,	'A central place for announcements will help a lot during busy weeks.',	'2026-04-05 07:19:52',	'2026-04-05 07:19:52',	NULL),
(3,	2,	5,	'The reflection step is useful because it shows what I still need to revise.',	'2026-04-05 07:19:52',	'2026-04-05 07:19:52',	NULL),
(4,	3,	2,	'This is the kind of student perspective we should encourage more often.',	'2026-04-05 07:19:52',	'2026-04-05 07:19:52',	NULL),
(5,	4,	6,	'Bringing one paragraph draft into the session made feedback much easier to act on.',	'2026-04-05 07:19:52',	'2026-04-05 07:19:52',	NULL),
(6,	4,	12,	'The rubric idea is useful because it keeps the discussion tied to marking criteria.',	'2026-04-05 07:19:52',	'2026-04-05 07:19:52',	NULL),
(7,	5,	15,	'Short checkpoints work well for me because I can see what is still weak each week.',	'2026-04-05 07:19:52',	'2026-04-05 07:19:52',	NULL),
(8,	5,	8,	'I use a similar structure in programming modules and it improves attendance too.',	'2026-04-05 07:19:52',	'2026-04-05 07:19:52',	NULL),
(9,	6,	9,	'Input validation is still one of the easiest quality wins for student teams.',	'2026-04-05 07:19:52',	'2026-04-05 07:19:52',	NULL),
(10,	6,	16,	'A checklist for submission week would help because those issues are easy to miss under time pressure.',	'2026-04-05 07:19:52',	'2026-04-05 07:19:52',	NULL),
(11,	7,	10,	'That kind of small daily routine is usually easier to sustain than last-minute cramming.',	'2026-04-05 07:19:52',	'2026-04-05 07:19:52',	NULL),
(12,	8,	17,	'We tried this last week and the session stayed much more focused.',	'2026-04-05 07:19:52',	'2026-04-05 07:19:52',	NULL);

DROP TABLE IF EXISTS `blogs`;
CREATE TABLE `blogs` (
  `id` bigint unsigned NOT NULL AUTO_INCREMENT,
  `author_user_id` bigint unsigned DEFAULT NULL,
  `title` varchar(255) COLLATE utf8mb4_unicode_ci NOT NULL,
  `content` longtext COLLATE utf8mb4_unicode_ci NOT NULL,
  `cover_image_path` varchar(255) COLLATE utf8mb4_unicode_ci DEFAULT NULL,
  `hashtags` json DEFAULT NULL,
  `is_active` tinyint(1) NOT NULL DEFAULT '1',
  `view_count` bigint unsigned NOT NULL DEFAULT '0',
  `created_at` timestamp NULL DEFAULT NULL,
  `updated_at` timestamp NULL DEFAULT NULL,
  `deleted_at` timestamp NULL DEFAULT NULL,
  PRIMARY KEY (`id`),
  KEY `blogs_author_user_id_created_at_index` (`author_user_id`,`created_at`),
  KEY `blogs_is_active_created_at_index` (`is_active`,`created_at`),
  CONSTRAINT `blogs_author_user_id_foreign` FOREIGN KEY (`author_user_id`) REFERENCES `users` (`id`) ON DELETE SET NULL
) ENGINE=InnoDB DEFAULT CHARSET=utf8mb4 COLLATE=utf8mb4_unicode_ci;

INSERT INTO `blogs` (`id`, `author_user_id`, `title`, `content`, `cover_image_path`, `hashtags`, `is_active`, `view_count`, `created_at`, `updated_at`, `deleted_at`) VALUES
(1,	2,	'Welcome to the Greenwich tutoring hub',	'<p>Use this space to share updates, study guidance, and practical reminders with tutors and students.</p>',	'blog-covers/4k4B4q7V1QyT8yOqZ7KttcOvJvkwvx0UPLF1Cpdv.jpg',	'[\"community\", \"greenwich\"]',	1,	18,	'2026-04-05 07:19:52',	'2026-04-08 18:04:25',	NULL),
(2,	3,	'How I plan weekly tutoring sessions',	'<p>I break each session into revision, guided practice, and a short reflection so the student leaves with a clear next step.</p>',	'blog-covers/JKlA2inaPAiSW1mmu1q1hLht4CWRFVbAND6QDpUT.jpg',	'[\"tutoring\", \"planning\"]',	1,	12,	'2026-04-05 07:19:52',	'2026-04-08 18:04:16',	NULL),
(3,	4,	'Study habits that helped me improve',	'<p>Keeping one concise notebook and reviewing after each session made it much easier to track what still needed work.</p>',	'blog-covers/6HYMIeGzD9gOrKN9BEMsmpSPA80eCerbNNP4HrAr.jpg',	'[\"study\", \"reflection\"]',	0,	7,	'2026-04-05 07:19:52',	'2026-04-08 18:04:08',	NULL),
(4,	8,	'Making one-to-one writing support more practical',	'<p>I now ask students to bring one paragraph draft, one marking rubric, and one question. That keeps each session focused and measurable.</p>',	'blog-covers/zdVS21mCI1ov3GSRiw1Fpm7yG90KwyOvC7CfqHJc.jpg',	'[\"writing\", \"support\"]',	1,	26,	'2026-04-05 07:19:52',	'2026-04-08 18:03:56',	NULL),
(5,	9,	'Revision checkpoints for data-heavy modules',	'<p>Students usually improve faster when revision is broken into short weekly checkpoints instead of one large catch-up session.</p>',	'blog-covers/2b5RNlRBSp4eY7u0QlFetJzIVIFhDzkWWtKgZhog.png',	'[\"revision\", \"data\"]',	1,	21,	'2026-04-05 07:19:52',	'2026-04-08 18:03:48',	NULL),
(6,	10,	'Common security mistakes I see in student projects',	'<p>Hard-coded secrets, missing input validation, and weak password handling still appear regularly. They are good teaching moments because the fixes are concrete.</p>',	'blog-covers/dH1RsOWvkfoSsmELwxf3UtvbnVBGe8SwFUafydJU.jpg',	'[\"security\", \"projects\"]',	1,	31,	'2026-04-05 07:19:52',	'2026-04-08 18:03:34',	NULL),
(7,	5,	'What helped me stay consistent before exams',	'<p>A short daily review block worked better for me than long weekend study sessions. It reduced panic and made tutorials easier to follow.</p>',	'blog-covers/T07Z1fcQXw5yHbLYlsBO703BFUCrFbVEA2KcZEZv.jpg',	'[\"exams\", \"routine\"]',	1,	15,	'2026-04-05 07:19:52',	'2026-04-08 18:03:22',	NULL),
(8,	6,	'Group revision is useful when everyone brings a question',	'<p>Our study group improved once everyone arrived with one question and one worked example. It stopped the sessions from drifting.</p>',	'blog-covers/0YbX34mR5SBniRQdY5mMlFcFwZ2HetV2L95HVs46.jpg',	'[\"groupstudy\", \"revision\"]',	1,	13,	'2026-04-05 07:19:52',	'2026-04-08 18:03:08',	NULL),
(9,	1,	'What is Computer Science ?',	'<p>What is Computer Science?</p>',	'blog-covers/fDwVRyUv6DIXSGkZmcGUJPQlWKcCfjC445aPsGkl.jpg',	'[\"computer\", \"science\"]',	1,	11,	'2026-04-05 09:44:25',	'2026-04-09 15:27:05',	NULL);

DROP TABLE IF EXISTS `cache`;
CREATE TABLE `cache` (
  `key` varchar(255) COLLATE utf8mb4_unicode_ci NOT NULL,
  `value` mediumtext COLLATE utf8mb4_unicode_ci NOT NULL,
  `expiration` int NOT NULL,
  `deleted_at` timestamp NULL DEFAULT NULL,
  PRIMARY KEY (`key`),
  KEY `cache_expiration_index` (`expiration`)
) ENGINE=InnoDB DEFAULT CHARSET=utf8mb4 COLLATE=utf8mb4_unicode_ci;


DROP TABLE IF EXISTS `cache_locks`;
CREATE TABLE `cache_locks` (
  `key` varchar(255) COLLATE utf8mb4_unicode_ci NOT NULL,
  `owner` varchar(255) COLLATE utf8mb4_unicode_ci NOT NULL,
  `expiration` int NOT NULL,
  `deleted_at` timestamp NULL DEFAULT NULL,
  PRIMARY KEY (`key`),
  KEY `cache_locks_expiration_index` (`expiration`)
) ENGINE=InnoDB DEFAULT CHARSET=utf8mb4 COLLATE=utf8mb4_unicode_ci;


DROP TABLE IF EXISTS `conversation_members`;
CREATE TABLE `conversation_members` (
  `id` bigint unsigned NOT NULL AUTO_INCREMENT,
  `conversation_id` bigint unsigned NOT NULL,
  `user_id` bigint unsigned NOT NULL,
  `last_seen_message_id` bigint unsigned DEFAULT NULL,
  `last_seen_at` timestamp NULL DEFAULT NULL,
  `created_at` timestamp NULL DEFAULT NULL,
  `updated_at` timestamp NULL DEFAULT NULL,
  `deleted_at` timestamp NULL DEFAULT NULL,
  PRIMARY KEY (`id`),
  UNIQUE KEY `conversation_members_conversation_id_user_id_unique` (`conversation_id`,`user_id`),
  KEY `conversation_members_user_id_index` (`user_id`),
  KEY `conversation_members_last_seen_message_id_index` (`last_seen_message_id`),
  CONSTRAINT `conversation_members_conversation_id_foreign` FOREIGN KEY (`conversation_id`) REFERENCES `conversations` (`id`) ON DELETE CASCADE,
  CONSTRAINT `conversation_members_user_id_foreign` FOREIGN KEY (`user_id`) REFERENCES `users` (`id`) ON DELETE CASCADE
) ENGINE=InnoDB DEFAULT CHARSET=utf8mb4 COLLATE=utf8mb4_unicode_ci;

INSERT INTO `conversation_members` (`id`, `conversation_id`, `user_id`, `last_seen_message_id`, `last_seen_at`, `created_at`, `updated_at`, `deleted_at`) VALUES
(1,	1,	3,	11,	'2026-04-05 07:20:15',	'2026-04-05 07:19:52',	'2026-04-05 07:20:15',	NULL),
(2,	1,	4,	11,	'2026-04-05 07:19:52',	'2026-04-05 07:19:52',	'2026-04-05 07:19:52',	NULL),
(3,	2,	2,	13,	'2026-04-05 07:19:52',	'2026-04-05 07:19:52',	'2026-04-05 07:19:52',	NULL),
(4,	2,	3,	14,	'2026-04-05 07:19:52',	'2026-04-05 07:19:52',	'2026-04-05 07:19:52',	NULL),
(5,	3,	8,	18,	'2026-04-05 07:19:52',	'2026-04-05 07:19:52',	'2026-04-05 07:19:52',	NULL),
(6,	3,	5,	17,	'2026-04-05 07:19:52',	'2026-04-05 07:19:52',	'2026-04-05 07:19:52',	NULL),
(7,	4,	9,	22,	'2026-04-05 07:19:52',	'2026-04-05 07:19:52',	'2026-04-05 07:19:52',	NULL),
(8,	4,	6,	21,	'2026-04-05 07:19:52',	'2026-04-05 07:19:52',	'2026-04-05 07:19:52',	NULL),
(9,	5,	10,	25,	'2026-04-05 07:19:52',	'2026-04-05 07:19:52',	'2026-04-05 07:19:52',	NULL),
(10,	5,	12,	26,	'2026-04-05 07:19:52',	'2026-04-05 07:19:52',	'2026-04-05 07:19:52',	NULL),
(11,	6,	13,	29,	'2026-04-05 07:19:52',	'2026-04-05 07:19:52',	'2026-04-05 07:19:52',	NULL),
(12,	6,	15,	30,	'2026-04-05 07:19:52',	'2026-04-05 07:19:52',	'2026-04-05 07:19:52',	NULL),
(13,	7,	7,	33,	'2026-04-05 07:19:52',	'2026-04-05 07:19:52',	'2026-04-05 07:19:52',	NULL),
(14,	7,	3,	33,	'2026-04-13 15:03:29',	'2026-04-05 07:19:52',	'2026-04-13 15:03:29',	NULL),
(15,	8,	11,	36,	'2026-04-05 07:19:52',	'2026-04-05 07:19:52',	'2026-04-05 07:19:52',	NULL),
(16,	8,	8,	35,	'2026-04-05 07:19:52',	'2026-04-05 07:19:52',	'2026-04-05 07:19:52',	NULL),
(17,	9,	14,	NULL,	NULL,	'2026-04-06 00:00:01',	'2026-04-06 00:00:01',	NULL),
(18,	9,	16,	NULL,	NULL,	'2026-04-06 00:00:01',	'2026-04-06 00:00:01',	NULL),
(19,	10,	20,	NULL,	NULL,	'2026-04-09 00:00:01',	'2026-04-09 00:00:01',	NULL),
(20,	10,	17,	NULL,	NULL,	'2026-04-09 00:00:01',	'2026-04-09 00:00:01',	NULL),
(21,	11,	1,	NULL,	NULL,	'2026-04-09 15:29:04',	'2026-04-09 15:29:04',	NULL),
(22,	11,	3,	NULL,	NULL,	'2026-04-09 15:29:04',	'2026-04-09 15:29:04',	NULL),
(23,	12,	30,	NULL,	NULL,	'2026-04-10 00:00:00',	'2026-04-10 00:00:00',	NULL),
(24,	12,	33,	NULL,	NULL,	'2026-04-10 00:00:00',	'2026-04-10 00:00:00',	NULL),
(25,	13,	30,	NULL,	NULL,	'2026-04-10 00:00:01',	'2026-04-10 00:00:01',	NULL),
(26,	13,	32,	NULL,	NULL,	'2026-04-10 00:00:01',	'2026-04-10 00:00:01',	NULL),
(27,	14,	30,	NULL,	NULL,	'2026-04-10 00:00:01',	'2026-04-10 00:00:01',	NULL),
(28,	14,	31,	NULL,	NULL,	'2026-04-10 00:00:01',	'2026-04-10 00:00:01',	NULL),
(29,	15,	30,	NULL,	NULL,	'2026-04-10 00:00:01',	'2026-04-10 00:00:01',	NULL),
(30,	15,	29,	NULL,	NULL,	'2026-04-10 00:00:01',	'2026-04-10 00:00:01',	NULL),
(31,	16,	30,	NULL,	NULL,	'2026-04-10 00:00:01',	'2026-04-10 00:00:01',	NULL),
(32,	16,	23,	NULL,	NULL,	'2026-04-10 00:00:01',	'2026-04-10 00:00:01',	NULL),
(33,	17,	30,	NULL,	NULL,	'2026-04-10 00:00:01',	'2026-04-10 00:00:01',	NULL),
(34,	17,	17,	NULL,	NULL,	'2026-04-10 00:00:01',	'2026-04-10 00:00:01',	NULL),
(35,	18,	30,	NULL,	NULL,	'2026-04-10 00:00:01',	'2026-04-10 00:00:01',	NULL),
(36,	18,	18,	NULL,	NULL,	'2026-04-10 00:00:01',	'2026-04-10 00:00:01',	NULL),
(37,	19,	26,	NULL,	NULL,	'2026-04-10 00:00:01',	'2026-04-10 00:00:01',	NULL),
(38,	19,	33,	NULL,	NULL,	'2026-04-10 00:00:01',	'2026-04-10 00:00:01',	NULL),
(39,	20,	26,	NULL,	NULL,	'2026-04-10 00:00:01',	'2026-04-10 00:00:01',	NULL),
(40,	20,	32,	NULL,	NULL,	'2026-04-10 00:00:01',	'2026-04-10 00:00:01',	NULL),
(41,	21,	26,	NULL,	NULL,	'2026-04-10 00:00:01',	'2026-04-10 00:00:01',	NULL),
(42,	21,	31,	NULL,	NULL,	'2026-04-10 00:00:01',	'2026-04-10 00:00:01',	NULL),
(43,	22,	26,	NULL,	NULL,	'2026-04-10 00:00:01',	'2026-04-10 00:00:01',	NULL),
(44,	22,	29,	NULL,	NULL,	'2026-04-10 00:00:01',	'2026-04-10 00:00:01',	NULL),
(45,	23,	26,	NULL,	NULL,	'2026-04-10 00:00:01',	'2026-04-10 00:00:01',	NULL),
(46,	23,	23,	NULL,	NULL,	'2026-04-10 00:00:01',	'2026-04-10 00:00:01',	NULL),
(47,	24,	26,	NULL,	NULL,	'2026-04-10 00:00:01',	'2026-04-10 00:00:01',	NULL),
(48,	24,	18,	NULL,	NULL,	'2026-04-10 00:00:01',	'2026-04-10 00:00:01',	NULL),
(49,	25,	26,	NULL,	NULL,	'2026-04-10 00:00:01',	'2026-04-10 00:00:01',	NULL),
(50,	25,	17,	NULL,	NULL,	'2026-04-10 00:00:01',	'2026-04-10 00:00:01',	NULL),
(51,	26,	26,	NULL,	NULL,	'2026-04-10 00:00:01',	'2026-04-10 00:00:01',	NULL),
(52,	26,	16,	NULL,	NULL,	'2026-04-10 00:00:01',	'2026-04-10 00:00:01',	NULL),
(53,	27,	26,	NULL,	NULL,	'2026-04-10 00:00:01',	'2026-04-10 00:00:01',	NULL),
(54,	27,	15,	NULL,	NULL,	'2026-04-10 00:00:01',	'2026-04-10 00:00:01',	NULL),
(55,	28,	25,	NULL,	NULL,	'2026-04-11 14:09:04',	'2026-04-11 14:09:04',	NULL),
(56,	28,	36,	NULL,	NULL,	'2026-04-11 14:09:04',	'2026-04-11 14:09:04',	NULL),
(57,	29,	24,	NULL,	NULL,	'2026-04-12 00:00:00',	'2026-04-12 00:00:00',	NULL),
(58,	29,	18,	NULL,	NULL,	'2026-04-12 00:00:00',	'2026-04-12 00:00:00',	NULL),
(59,	30,	25,	NULL,	NULL,	'2026-04-15 00:00:01',	'2026-04-15 00:00:01',	NULL),
(60,	30,	23,	NULL,	NULL,	'2026-04-15 00:00:01',	'2026-04-15 00:00:01',	NULL);

DROP TABLE IF EXISTS `conversations`;
CREATE TABLE `conversations` (
  `id` bigint unsigned NOT NULL AUTO_INCREMENT,
  `created_by_user_id` bigint unsigned DEFAULT NULL,
  `direct_pair_key` varchar(255) COLLATE utf8mb4_unicode_ci DEFAULT NULL,
  `last_message_at` timestamp NULL DEFAULT NULL,
  `created_at` timestamp NULL DEFAULT NULL,
  `updated_at` timestamp NULL DEFAULT NULL,
  `deleted_at` timestamp NULL DEFAULT NULL,
  PRIMARY KEY (`id`),
  UNIQUE KEY `conversations_direct_pair_key_unique` (`direct_pair_key`),
  KEY `conversations_created_by_user_id_foreign` (`created_by_user_id`),
  KEY `conversations_last_message_at_index` (`last_message_at`),
  CONSTRAINT `conversations_created_by_user_id_foreign` FOREIGN KEY (`created_by_user_id`) REFERENCES `users` (`id`) ON DELETE SET NULL
) ENGINE=InnoDB DEFAULT CHARSET=utf8mb4 COLLATE=utf8mb4_unicode_ci;

INSERT INTO `conversations` (`id`, `created_by_user_id`, `direct_pair_key`, `last_message_at`, `created_at`, `updated_at`, `deleted_at`) VALUES
(1,	3,	'3:4',	'2026-04-05 07:19:52',	'2026-04-05 07:19:52',	'2026-04-05 07:19:52',	NULL),
(2,	2,	'2:3',	'2026-04-05 07:19:52',	'2026-04-05 07:19:52',	'2026-04-05 07:19:52',	NULL),
(3,	8,	'5:8',	'2026-04-05 07:19:52',	'2026-04-05 07:19:52',	'2026-04-05 07:19:52',	NULL),
(4,	9,	'6:9',	'2026-04-05 07:19:52',	'2026-04-05 07:19:52',	'2026-04-05 07:19:52',	NULL),
(5,	10,	'10:12',	'2026-04-05 07:19:52',	'2026-04-05 07:19:52',	'2026-04-05 07:19:52',	NULL),
(6,	13,	'13:15',	'2026-04-05 07:19:52',	'2026-04-05 07:19:52',	'2026-04-05 07:19:52',	NULL),
(7,	7,	'3:7',	'2026-04-05 07:19:52',	'2026-04-05 07:19:52',	'2026-04-05 07:19:52',	NULL),
(8,	11,	'8:11',	'2026-04-05 07:19:52',	'2026-04-05 07:19:52',	'2026-04-05 07:19:52',	NULL),
(9,	14,	'14:16',	'2026-04-06 00:00:01',	'2026-04-06 00:00:01',	'2026-04-06 00:00:01',	NULL),
(10,	20,	'17:20',	'2026-04-09 00:00:01',	'2026-04-09 00:00:01',	'2026-04-09 00:00:01',	NULL),
(11,	1,	'1:3',	NULL,	'2026-04-09 15:29:04',	'2026-04-09 15:29:04',	NULL),
(12,	30,	'30:33',	'2026-04-10 00:00:00',	'2026-04-10 00:00:00',	'2026-04-10 00:00:00',	NULL),
(13,	30,	'30:32',	'2026-04-10 00:00:01',	'2026-04-10 00:00:01',	'2026-04-10 00:00:01',	NULL),
(14,	30,	'30:31',	'2026-04-10 00:00:01',	'2026-04-10 00:00:01',	'2026-04-10 00:00:01',	NULL),
(15,	30,	'29:30',	'2026-04-10 00:00:01',	'2026-04-10 00:00:01',	'2026-04-10 00:00:01',	NULL),
(16,	30,	'23:30',	'2026-04-10 00:00:01',	'2026-04-10 00:00:01',	'2026-04-10 00:00:01',	NULL),
(17,	30,	'17:30',	'2026-04-10 00:00:01',	'2026-04-10 00:00:01',	'2026-04-10 00:00:01',	NULL),
(18,	30,	'18:30',	'2026-04-10 00:00:01',	'2026-04-10 00:00:01',	'2026-04-10 00:00:01',	NULL),
(19,	26,	'26:33',	'2026-04-10 00:00:01',	'2026-04-10 00:00:01',	'2026-04-10 00:00:01',	NULL),
(20,	26,	'26:32',	'2026-04-10 00:00:01',	'2026-04-10 00:00:01',	'2026-04-10 00:00:01',	NULL),
(21,	26,	'26:31',	'2026-04-10 00:00:01',	'2026-04-10 00:00:01',	'2026-04-10 00:00:01',	NULL),
(22,	26,	'26:29',	'2026-04-10 00:00:01',	'2026-04-10 00:00:01',	'2026-04-10 00:00:01',	NULL),
(23,	26,	'23:26',	'2026-04-10 00:00:01',	'2026-04-10 00:00:01',	'2026-04-10 00:00:01',	NULL),
(24,	26,	'18:26',	'2026-04-10 00:00:01',	'2026-04-10 00:00:01',	'2026-04-10 00:00:01',	NULL),
(25,	26,	'17:26',	'2026-04-10 00:00:01',	'2026-04-10 00:00:01',	'2026-04-10 00:00:01',	NULL),
(26,	26,	'16:26',	'2026-04-10 00:00:01',	'2026-04-10 00:00:01',	'2026-04-10 00:00:01',	NULL),
(27,	26,	'15:26',	'2026-04-10 00:00:01',	'2026-04-10 00:00:01',	'2026-04-10 00:00:01',	NULL),
(28,	25,	'25:36',	'2026-04-11 14:09:04',	'2026-04-11 14:09:04',	'2026-04-11 14:09:04',	NULL),
(29,	24,	'18:24',	'2026-04-12 00:00:00',	'2026-04-12 00:00:00',	'2026-04-12 00:00:00',	NULL),
(30,	25,	'23:25',	'2026-04-15 00:00:01',	'2026-04-15 00:00:01',	'2026-04-15 00:00:01',	NULL);

DROP TABLE IF EXISTS `document_comments`;
CREATE TABLE `document_comments` (
  `id` bigint unsigned NOT NULL AUTO_INCREMENT,
  `document_id` bigint unsigned NOT NULL,
  `commenter_user_id` bigint unsigned DEFAULT NULL,
  `comment` text COLLATE utf8mb4_unicode_ci NOT NULL,
  `created_at` timestamp NULL DEFAULT NULL,
  `updated_at` timestamp NULL DEFAULT NULL,
  `deleted_at` timestamp NULL DEFAULT NULL,
  PRIMARY KEY (`id`),
  KEY `document_comments_commenter_user_id_foreign` (`commenter_user_id`),
  KEY `document_comments_document_id_created_at_index` (`document_id`,`created_at`),
  CONSTRAINT `document_comments_commenter_user_id_foreign` FOREIGN KEY (`commenter_user_id`) REFERENCES `users` (`id`) ON DELETE SET NULL,
  CONSTRAINT `document_comments_document_id_foreign` FOREIGN KEY (`document_id`) REFERENCES `documents` (`id`) ON DELETE CASCADE
) ENGINE=InnoDB DEFAULT CHARSET=utf8mb4 COLLATE=utf8mb4_unicode_ci;


DROP TABLE IF EXISTS `documents`;
CREATE TABLE `documents` (
  `id` bigint unsigned NOT NULL AUTO_INCREMENT,
  `conversation_id` bigint unsigned NOT NULL,
  `uploaded_by_user_id` bigint unsigned DEFAULT NULL,
  `file_name` varchar(255) COLLATE utf8mb4_unicode_ci NOT NULL,
  `file_path` varchar(255) COLLATE utf8mb4_unicode_ci NOT NULL,
  `file_size_bytes` bigint unsigned NOT NULL,
  `mime_type` varchar(255) COLLATE utf8mb4_unicode_ci NOT NULL,
  `created_at` timestamp NULL DEFAULT NULL,
  `updated_at` timestamp NULL DEFAULT NULL,
  `deleted_at` timestamp NULL DEFAULT NULL,
  PRIMARY KEY (`id`),
  KEY `documents_uploaded_by_user_id_foreign` (`uploaded_by_user_id`),
  KEY `documents_conversation_id_created_at_index` (`conversation_id`,`created_at`),
  CONSTRAINT `documents_conversation_id_foreign` FOREIGN KEY (`conversation_id`) REFERENCES `conversations` (`id`) ON DELETE CASCADE,
  CONSTRAINT `documents_uploaded_by_user_id_foreign` FOREIGN KEY (`uploaded_by_user_id`) REFERENCES `users` (`id`) ON DELETE SET NULL
) ENGINE=InnoDB DEFAULT CHARSET=utf8mb4 COLLATE=utf8mb4_unicode_ci;


DROP TABLE IF EXISTS `failed_jobs`;
CREATE TABLE `failed_jobs` (
  `id` bigint unsigned NOT NULL AUTO_INCREMENT,
  `uuid` varchar(255) COLLATE utf8mb4_unicode_ci NOT NULL,
  `connection` text COLLATE utf8mb4_unicode_ci NOT NULL,
  `queue` text COLLATE utf8mb4_unicode_ci NOT NULL,
  `payload` longtext COLLATE utf8mb4_unicode_ci NOT NULL,
  `exception` longtext COLLATE utf8mb4_unicode_ci NOT NULL,
  `failed_at` timestamp NOT NULL DEFAULT CURRENT_TIMESTAMP,
  `deleted_at` timestamp NULL DEFAULT NULL,
  PRIMARY KEY (`id`),
  UNIQUE KEY `failed_jobs_uuid_unique` (`uuid`)
) ENGINE=InnoDB DEFAULT CHARSET=utf8mb4 COLLATE=utf8mb4_unicode_ci;


DROP TABLE IF EXISTS `job_batches`;
CREATE TABLE `job_batches` (
  `id` varchar(255) COLLATE utf8mb4_unicode_ci NOT NULL,
  `name` varchar(255) COLLATE utf8mb4_unicode_ci NOT NULL,
  `total_jobs` int NOT NULL,
  `pending_jobs` int NOT NULL,
  `failed_jobs` int NOT NULL,
  `failed_job_ids` longtext COLLATE utf8mb4_unicode_ci NOT NULL,
  `options` mediumtext COLLATE utf8mb4_unicode_ci,
  `cancelled_at` int DEFAULT NULL,
  `created_at` int NOT NULL,
  `finished_at` int DEFAULT NULL,
  `deleted_at` timestamp NULL DEFAULT NULL,
  PRIMARY KEY (`id`)
) ENGINE=InnoDB DEFAULT CHARSET=utf8mb4 COLLATE=utf8mb4_unicode_ci;


DROP TABLE IF EXISTS `jobs`;
CREATE TABLE `jobs` (
  `id` bigint unsigned NOT NULL AUTO_INCREMENT,
  `queue` varchar(255) COLLATE utf8mb4_unicode_ci NOT NULL,
  `payload` longtext COLLATE utf8mb4_unicode_ci NOT NULL,
  `attempts` tinyint unsigned NOT NULL,
  `reserved_at` int unsigned DEFAULT NULL,
  `available_at` int unsigned NOT NULL,
  `created_at` int unsigned NOT NULL,
  `deleted_at` timestamp NULL DEFAULT NULL,
  PRIMARY KEY (`id`),
  KEY `jobs_queue_index` (`queue`)
) ENGINE=InnoDB DEFAULT CHARSET=utf8mb4 COLLATE=utf8mb4_unicode_ci;


DROP TABLE IF EXISTS `meeting`;
CREATE TABLE `meeting` (
  `id` bigint unsigned NOT NULL AUTO_INCREMENT,
  `title` varchar(255) COLLATE utf8mb4_unicode_ci NOT NULL,
  `description` text COLLATE utf8mb4_unicode_ci,
  `type` enum('VIRTUAL','PHYSICAL') COLLATE utf8mb4_unicode_ci NOT NULL,
  `platform` varchar(255) COLLATE utf8mb4_unicode_ci DEFAULT NULL,
  `link` varchar(255) COLLATE utf8mb4_unicode_ci DEFAULT NULL,
  `location` text COLLATE utf8mb4_unicode_ci,
  `tutor_assignment_id` bigint unsigned DEFAULT NULL,
  `created_at` timestamp NULL DEFAULT NULL,
  `updated_at` timestamp NULL DEFAULT NULL,
  `deleted_at` timestamp NULL DEFAULT NULL,
  PRIMARY KEY (`id`),
  KEY `meeting_tutor_assignment_id_type_index` (`tutor_assignment_id`,`type`),
  CONSTRAINT `meeting_tutor_assignment_id_foreign` FOREIGN KEY (`tutor_assignment_id`) REFERENCES `tutor_assignments` (`id`) ON DELETE SET NULL
) ENGINE=InnoDB DEFAULT CHARSET=utf8mb4 COLLATE=utf8mb4_unicode_ci;

INSERT INTO `meeting` (`id`, `title`, `description`, `type`, `platform`, `link`, `location`, `tutor_assignment_id`, `created_at`, `updated_at`, `deleted_at`) VALUES
(1,	'Weekly Computer Science Coaching',	'Ongoing weekly tutoring plan covering programming fundamentals, data structures, debugging, and mock practical prep.',	'VIRTUAL',	'Google Meet',	'https://meet.google.com/dof-uxqa-cep',	NULL,	1,	'2026-04-05 07:19:52',	'2026-04-05 12:55:10',	NULL),
(2,	'Friday Meeting',	NULL,	'VIRTUAL',	'Google Meet',	'https://meet.google.com/dof-uxqa-cep',	NULL,	13,	'2026-04-09 15:25:40',	'2026-04-09 15:25:40',	NULL);

DROP TABLE IF EXISTS `meeting_attendees`;
CREATE TABLE `meeting_attendees` (
  `id` bigint unsigned NOT NULL AUTO_INCREMENT,
  `meeting_id` bigint unsigned DEFAULT NULL,
  `meeting_schedule_id` bigint unsigned DEFAULT NULL,
  `user_id` bigint unsigned DEFAULT NULL,
  `status` enum('PRESENCE','ABSENCE','ON_LEAVE') COLLATE utf8mb4_unicode_ci NOT NULL,
  `created_at` timestamp NULL DEFAULT NULL,
  `updated_at` timestamp NULL DEFAULT NULL,
  `deleted_at` timestamp NULL DEFAULT NULL,
  PRIMARY KEY (`id`),
  UNIQUE KEY `meeting_attendees_meeting_schedule_id_user_id_unique` (`meeting_schedule_id`,`user_id`),
  KEY `meeting_attendees_user_id_foreign` (`user_id`),
  KEY `meeting_attendees_status_index` (`status`),
  KEY `meeting_attendees_meeting_id_index` (`meeting_id`),
  CONSTRAINT `meeting_attendees_meeting_id_foreign` FOREIGN KEY (`meeting_id`) REFERENCES `meeting` (`id`) ON DELETE SET NULL,
  CONSTRAINT `meeting_attendees_meeting_schedule_id_foreign` FOREIGN KEY (`meeting_schedule_id`) REFERENCES `meeting_schedule` (`id`) ON DELETE SET NULL,
  CONSTRAINT `meeting_attendees_user_id_foreign` FOREIGN KEY (`user_id`) REFERENCES `users` (`id`) ON DELETE SET NULL
) ENGINE=InnoDB DEFAULT CHARSET=utf8mb4 COLLATE=utf8mb4_unicode_ci;

INSERT INTO `meeting_attendees` (`id`, `meeting_id`, `meeting_schedule_id`, `user_id`, `status`, `created_at`, `updated_at`, `deleted_at`) VALUES
(1,	1,	1,	4,	'PRESENCE',	'2026-04-05 07:19:52',	'2026-04-05 07:19:52',	NULL),
(2,	1,	2,	4,	'PRESENCE',	'2026-04-05 07:19:52',	'2026-04-05 07:19:52',	NULL),
(3,	1,	3,	4,	'PRESENCE',	'2026-04-05 07:19:52',	'2026-04-05 07:19:52',	NULL),
(4,	1,	4,	4,	'PRESENCE',	'2026-04-05 07:19:52',	'2026-04-05 07:19:52',	NULL),
(5,	1,	5,	4,	'ABSENCE',	'2026-04-05 07:19:52',	'2026-04-05 07:19:52',	NULL),
(6,	1,	7,	4,	'PRESENCE',	'2026-04-05 07:19:52',	'2026-04-05 07:19:52',	NULL),
(7,	1,	8,	4,	'ON_LEAVE',	'2026-04-05 07:19:52',	'2026-04-05 07:19:52',	NULL),
(8,	1,	9,	4,	'PRESENCE',	'2026-04-05 07:19:52',	'2026-04-05 07:19:52',	NULL),
(9,	1,	10,	4,	'PRESENCE',	'2026-04-05 07:19:52',	'2026-04-05 07:19:52',	NULL),
(10,	1,	11,	4,	'PRESENCE',	'2026-04-05 07:19:52',	'2026-04-05 07:19:52',	NULL),
(11,	1,	15,	4,	'PRESENCE',	'2026-04-05 09:51:17',	'2026-04-05 09:51:17',	NULL);

DROP TABLE IF EXISTS `meeting_schedule`;
CREATE TABLE `meeting_schedule` (
  `id` bigint unsigned NOT NULL AUTO_INCREMENT,
  `meeting_id` bigint unsigned DEFAULT NULL,
  `date` date NOT NULL,
  `start_time` time NOT NULL,
  `end_time` time NOT NULL,
  `note` text COLLATE utf8mb4_unicode_ci,
  `cancel_at` timestamp NULL DEFAULT NULL,
  `created_at` timestamp NULL DEFAULT NULL,
  `updated_at` timestamp NULL DEFAULT NULL,
  `deleted_at` timestamp NULL DEFAULT NULL,
  PRIMARY KEY (`id`),
  KEY `meeting_schedule_meeting_id_date_start_time_index` (`meeting_id`,`date`,`start_time`),
  CONSTRAINT `meeting_schedule_meeting_id_foreign` FOREIGN KEY (`meeting_id`) REFERENCES `meeting` (`id`) ON DELETE SET NULL
) ENGINE=InnoDB DEFAULT CHARSET=utf8mb4 COLLATE=utf8mb4_unicode_ci;

INSERT INTO `meeting_schedule` (`id`, `meeting_id`, `date`, `start_time`, `end_time`, `note`, `cancel_at`, `created_at`, `updated_at`, `deleted_at`) VALUES
(1,	1,	'2026-01-21',	'16:00:00',	'17:30:00',	'Diagnostic review, coding baseline check, and study plan kickoff.',	NULL,	'2026-04-05 07:19:52',	'2026-04-05 07:19:52',	NULL),
(2,	1,	'2026-01-28',	'16:00:00',	'17:30:00',	'Programming fundamentals, variables, and control flow practice.',	NULL,	'2026-04-05 07:19:52',	'2026-04-05 07:19:52',	NULL),
(3,	1,	'2026-02-04',	'16:00:00',	'17:30:00',	'Functions, decomposition, and basic debugging exercises.',	NULL,	'2026-04-05 07:19:52',	'2026-04-05 07:19:52',	NULL),
(4,	1,	'2026-02-11',	'16:00:00',	'17:30:00',	'Arrays, strings, and input-processing drills.',	NULL,	'2026-04-05 07:19:52',	'2026-04-05 07:19:52',	NULL),
(5,	1,	'2026-02-18',	'16:00:00',	'17:30:00',	'Algorithm tracing and short coding quiz review.',	NULL,	'2026-04-05 07:19:52',	'2026-04-05 07:19:52',	NULL),
(6,	1,	'2026-02-25',	'16:00:00',	'17:30:00',	'Cancelled recursion workshop and self-study task follow-up.',	'2026-02-24 18:00:00',	'2026-04-05 07:19:52',	'2026-04-05 07:19:52',	NULL),
(7,	1,	'2026-03-04',	'16:00:00',	'17:30:00',	'Recursion and problem decomposition with worked examples.',	NULL,	'2026-04-05 07:19:52',	'2026-04-05 07:19:52',	NULL),
(8,	1,	'2026-03-11',	'16:00:00',	'17:30:00',	'Linked lists and stack concepts with correction review.',	NULL,	'2026-04-05 07:19:52',	'2026-04-05 07:19:52',	NULL),
(9,	1,	'2026-03-18',	'16:00:00',	'17:30:00',	'Queues, complexity basics, and timed implementation drills.',	NULL,	'2026-04-05 07:19:52',	'2026-04-05 07:19:52',	NULL),
(10,	1,	'2026-03-25',	'16:00:00',	'17:30:00',	'Searching and sorting strategies with dry-run practice.',	NULL,	'2026-04-05 07:19:52',	'2026-04-05 07:19:52',	NULL),
(11,	1,	'2026-04-01',	'16:00:00',	'17:30:00',	'Object-oriented design recap and class modelling review.',	NULL,	'2026-04-05 07:19:52',	'2026-04-05 07:19:52',	NULL),
(12,	1,	'2026-04-08',	'16:00:00',	'17:30:00',	NULL,	NULL,	'2026-04-05 07:19:52',	'2026-04-05 07:19:52',	NULL),
(13,	1,	'2026-04-15',	'16:00:00',	'17:30:00',	NULL,	NULL,	'2026-04-05 07:19:52',	'2026-04-05 07:19:52',	NULL),
(14,	1,	'2026-04-22',	'16:00:00',	'17:30:00',	NULL,	NULL,	'2026-04-05 07:19:52',	'2026-04-05 07:19:52',	NULL),
(15,	1,	'2026-04-29',	'16:00:00',	'17:30:00',	NULL,	NULL,	'2026-04-05 07:19:52',	'2026-04-05 07:19:52',	NULL),
(16,	2,	'2026-04-10',	'11:25:00',	'12:25:00',	NULL,	NULL,	'2026-04-09 15:25:40',	'2026-04-09 15:25:40',	NULL),
(17,	2,	'2026-04-17',	'11:25:00',	'12:25:00',	NULL,	NULL,	'2026-04-09 15:25:40',	'2026-04-09 15:25:40',	NULL),
(18,	2,	'2026-04-24',	'11:25:00',	'12:25:00',	NULL,	NULL,	'2026-04-09 15:25:40',	'2026-04-09 15:25:40',	NULL),
(19,	2,	'2026-05-01',	'11:25:00',	'12:25:00',	NULL,	NULL,	'2026-04-09 15:25:40',	'2026-04-09 15:25:40',	NULL),
(20,	2,	'2026-05-08',	'11:25:00',	'12:25:00',	NULL,	NULL,	'2026-04-09 15:25:40',	'2026-04-09 15:25:40',	NULL);

DROP TABLE IF EXISTS `messages`;
CREATE TABLE `messages` (
  `id` bigint unsigned NOT NULL AUTO_INCREMENT,
  `conversation_id` bigint unsigned NOT NULL,
  `sender_user_id` bigint unsigned DEFAULT NULL,
  `content` text COLLATE utf8mb4_unicode_ci,
  `created_at` timestamp NULL DEFAULT NULL,
  `updated_at` timestamp NULL DEFAULT NULL,
  `deleted_at` timestamp NULL DEFAULT NULL,
  PRIMARY KEY (`id`),
  KEY `messages_sender_user_id_foreign` (`sender_user_id`),
  KEY `messages_conversation_id_created_at_index` (`conversation_id`,`created_at`),
  CONSTRAINT `messages_conversation_id_foreign` FOREIGN KEY (`conversation_id`) REFERENCES `conversations` (`id`) ON DELETE CASCADE,
  CONSTRAINT `messages_sender_user_id_foreign` FOREIGN KEY (`sender_user_id`) REFERENCES `users` (`id`) ON DELETE SET NULL
) ENGINE=InnoDB DEFAULT CHARSET=utf8mb4 COLLATE=utf8mb4_unicode_ci;

INSERT INTO `messages` (`id`, `conversation_id`, `sender_user_id`, `content`, `created_at`, `updated_at`, `deleted_at`) VALUES
(1,	1,	NULL,	'Welcome! This conversation has been created for your tutor assignment. Feel free to introduce yourselves and plan your first session.',	'2026-04-05 07:19:52',	'2026-04-05 07:19:52',	NULL),
(2,	1,	3,	'I have mapped out our February to May computer science tutoring plan so each week builds toward the mock practical.',	'2026-04-05 07:19:52',	'2026-04-05 07:19:52',	NULL),
(3,	1,	4,	'That helps a lot. The weekly structure makes the programming topics feel much more manageable.',	'2026-04-05 07:19:52',	'2026-04-05 07:19:52',	NULL),
(4,	1,	3,	'Please keep sending your code before each Wednesday session so I can tailor the debugging examples.',	'2026-04-05 07:19:52',	'2026-04-05 07:19:52',	NULL),
(5,	1,	4,	'I sent the control-flow and function exercises from last week. Recursion is still the hardest topic for me.',	'2026-04-05 07:19:52',	'2026-04-05 07:19:52',	NULL),
(6,	1,	3,	'I reviewed them. We will spend the first half of the next meeting on recursion and then move into timed coding practice.',	'2026-04-05 07:19:52',	'2026-04-05 07:19:52',	NULL),
(7,	1,	4,	'Sounds good. I also wanted to ask whether we can revisit the cancelled recursion workshop with a new exercise sheet.',	'2026-04-05 07:19:52',	'2026-04-05 07:19:52',	NULL),
(8,	1,	3,	'Yes. I added a replacement problem set and folded the missed material into our next two meetings.',	'2026-04-05 07:19:52',	'2026-04-05 07:19:52',	NULL),
(9,	1,	4,	'Thank you. The feedback on my mock quiz was useful even though I was on leave for that session.',	'2026-04-05 07:19:52',	'2026-04-05 07:19:52',	NULL),
(10,	1,	3,	'Before the upcoming meeting, complete the searching and sorting tasks and flag any bugs you want to review live.',	'2026-04-05 07:19:52',	'2026-04-05 07:19:52',	NULL),
(11,	1,	4,	'I will finish them tonight and upload the files before tomorrow afternoon.',	'2026-04-05 07:19:52',	'2026-04-05 07:19:52',	NULL),
(12,	2,	2,	'Please share your weekly tutoring update this afternoon.',	'2026-04-05 07:19:52',	'2026-04-05 07:19:52',	NULL),
(13,	2,	3,	'Understood. I will include attendance and progress notes.',	'2026-04-05 07:19:52',	'2026-04-05 07:19:52',	NULL),
(14,	2,	2,	'Thanks. Please flag any students who may need extra support.',	'2026-04-05 07:19:52',	'2026-04-05 07:19:52',	NULL),
(15,	3,	8,	'Hi, let us focus on the key topics for this week.',	'2026-04-05 07:19:52',	'2026-04-05 07:19:52',	NULL),
(16,	3,	5,	'That works for me. I still need help with the last exercise set.',	'2026-04-05 07:19:52',	'2026-04-05 07:19:52',	NULL),
(17,	3,	8,	'Send me your notes before the session and I will review them first.',	'2026-04-05 07:19:52',	'2026-04-05 07:19:52',	NULL),
(18,	3,	5,	'I will send them tonight so we can go through them tomorrow.',	'2026-04-05 07:19:52',	'2026-04-05 07:19:52',	NULL),
(19,	4,	9,	'Hi, let us focus on the key topics for this week.',	'2026-04-05 07:19:52',	'2026-04-05 07:19:52',	NULL),
(20,	4,	6,	'That works for me. I still need help with the last exercise set.',	'2026-04-05 07:19:52',	'2026-04-05 07:19:52',	NULL),
(21,	4,	9,	'Send me your notes before the session and I will review them first.',	'2026-04-05 07:19:52',	'2026-04-05 07:19:52',	NULL),
(22,	4,	6,	'I will send them tonight so we can go through them tomorrow.',	'2026-04-05 07:19:52',	'2026-04-05 07:19:52',	NULL),
(23,	5,	10,	'Hi, let us focus on the key topics for this week.',	'2026-04-05 07:19:52',	'2026-04-05 07:19:52',	NULL),
(24,	5,	12,	'That works for me. I still need help with the last exercise set.',	'2026-04-05 07:19:52',	'2026-04-05 07:19:52',	NULL),
(25,	5,	10,	'Send me your notes before the session and I will review them first.',	'2026-04-05 07:19:52',	'2026-04-05 07:19:52',	NULL),
(26,	5,	12,	'I will send them tonight so we can go through them tomorrow.',	'2026-04-05 07:19:52',	'2026-04-05 07:19:52',	NULL),
(27,	6,	13,	'Hi, let us focus on the key topics for this week.',	'2026-04-05 07:19:52',	'2026-04-05 07:19:52',	NULL),
(28,	6,	15,	'That works for me. I still need help with the last exercise set.',	'2026-04-05 07:19:52',	'2026-04-05 07:19:52',	NULL),
(29,	6,	13,	'Send me your notes before the session and I will review them first.',	'2026-04-05 07:19:52',	'2026-04-05 07:19:52',	NULL),
(30,	6,	15,	'I will send them tonight so we can go through them tomorrow.',	'2026-04-05 07:19:52',	'2026-04-05 07:19:52',	NULL),
(31,	7,	7,	'Please share your weekly tutoring update this afternoon.',	'2026-04-05 07:19:52',	'2026-04-05 07:19:52',	NULL),
(32,	7,	3,	'Understood. I will include attendance and progress notes.',	'2026-04-05 07:19:52',	'2026-04-05 07:19:52',	NULL),
(33,	7,	7,	'Thanks. Please flag any students who may need extra support.',	'2026-04-05 07:19:52',	'2026-04-05 07:19:52',	NULL),
(34,	8,	11,	'Please share your weekly tutoring update this afternoon.',	'2026-04-05 07:19:52',	'2026-04-05 07:19:52',	NULL),
(35,	8,	8,	'Understood. I will include attendance and progress notes.',	'2026-04-05 07:19:52',	'2026-04-05 07:19:52',	NULL),
(36,	8,	11,	'Thanks. Please flag any students who may need extra support.',	'2026-04-05 07:19:52',	'2026-04-05 07:19:52',	NULL),
(37,	9,	NULL,	'Welcome! This conversation has been created for your tutor assignment. Feel free to introduce yourselves and plan your first session.',	'2026-04-06 00:00:01',	'2026-04-06 00:00:01',	NULL),
(38,	10,	NULL,	'Welcome! This conversation has been created for your tutor assignment. Feel free to introduce yourselves and plan your first session.',	'2026-04-09 00:00:01',	'2026-04-09 00:00:01',	NULL),
(39,	12,	NULL,	'Welcome! This conversation has been created for your tutor assignment. Feel free to introduce yourselves and plan your first session.',	'2026-04-10 00:00:00',	'2026-04-10 00:00:00',	NULL),
(40,	13,	NULL,	'Welcome! This conversation has been created for your tutor assignment. Feel free to introduce yourselves and plan your first session.',	'2026-04-10 00:00:01',	'2026-04-10 00:00:01',	NULL),
(41,	14,	NULL,	'Welcome! This conversation has been created for your tutor assignment. Feel free to introduce yourselves and plan your first session.',	'2026-04-10 00:00:01',	'2026-04-10 00:00:01',	NULL),
(42,	15,	NULL,	'Welcome! This conversation has been created for your tutor assignment. Feel free to introduce yourselves and plan your first session.',	'2026-04-10 00:00:01',	'2026-04-10 00:00:01',	NULL),
(43,	16,	NULL,	'Welcome! This conversation has been created for your tutor assignment. Feel free to introduce yourselves and plan your first session.',	'2026-04-10 00:00:01',	'2026-04-10 00:00:01',	NULL),
(44,	17,	NULL,	'Welcome! This conversation has been created for your tutor assignment. Feel free to introduce yourselves and plan your first session.',	'2026-04-10 00:00:01',	'2026-04-10 00:00:01',	NULL),
(45,	18,	NULL,	'Welcome! This conversation has been created for your tutor assignment. Feel free to introduce yourselves and plan your first session.',	'2026-04-10 00:00:01',	'2026-04-10 00:00:01',	NULL),
(46,	19,	NULL,	'Welcome! This conversation has been created for your tutor assignment. Feel free to introduce yourselves and plan your first session.',	'2026-04-10 00:00:01',	'2026-04-10 00:00:01',	NULL),
(47,	20,	NULL,	'Welcome! This conversation has been created for your tutor assignment. Feel free to introduce yourselves and plan your first session.',	'2026-04-10 00:00:01',	'2026-04-10 00:00:01',	NULL),
(48,	21,	NULL,	'Welcome! This conversation has been created for your tutor assignment. Feel free to introduce yourselves and plan your first session.',	'2026-04-10 00:00:01',	'2026-04-10 00:00:01',	NULL),
(49,	22,	NULL,	'Welcome! This conversation has been created for your tutor assignment. Feel free to introduce yourselves and plan your first session.',	'2026-04-10 00:00:01',	'2026-04-10 00:00:01',	NULL),
(50,	23,	NULL,	'Welcome! This conversation has been created for your tutor assignment. Feel free to introduce yourselves and plan your first session.',	'2026-04-10 00:00:01',	'2026-04-10 00:00:01',	NULL),
(51,	24,	NULL,	'Welcome! This conversation has been created for your tutor assignment. Feel free to introduce yourselves and plan your first session.',	'2026-04-10 00:00:01',	'2026-04-10 00:00:01',	NULL),
(52,	25,	NULL,	'Welcome! This conversation has been created for your tutor assignment. Feel free to introduce yourselves and plan your first session.',	'2026-04-10 00:00:01',	'2026-04-10 00:00:01',	NULL),
(53,	26,	NULL,	'Welcome! This conversation has been created for your tutor assignment. Feel free to introduce yourselves and plan your first session.',	'2026-04-10 00:00:01',	'2026-04-10 00:00:01',	NULL),
(54,	27,	NULL,	'Welcome! This conversation has been created for your tutor assignment. Feel free to introduce yourselves and plan your first session.',	'2026-04-10 00:00:01',	'2026-04-10 00:00:01',	NULL),
(55,	28,	NULL,	'Welcome! This conversation has been created for your tutor assignment. Feel free to introduce yourselves and plan your first session.',	'2026-04-11 14:09:04',	'2026-04-11 14:09:04',	NULL),
(56,	29,	NULL,	'Welcome! This conversation has been created for your tutor assignment. Feel free to introduce yourselves and plan your first session.',	'2026-04-12 00:00:00',	'2026-04-12 00:00:00',	NULL),
(57,	30,	NULL,	'Welcome! This conversation has been created for your tutor assignment. Feel free to introduce yourselves and plan your first session.',	'2026-04-15 00:00:01',	'2026-04-15 00:00:01',	NULL);

DROP TABLE IF EXISTS `migrations`;
CREATE TABLE `migrations` (
  `id` int unsigned NOT NULL AUTO_INCREMENT,
  `migration` varchar(255) COLLATE utf8mb4_unicode_ci NOT NULL,
  `batch` int NOT NULL,
  PRIMARY KEY (`id`)
) ENGINE=InnoDB DEFAULT CHARSET=utf8mb4 COLLATE=utf8mb4_unicode_ci;

INSERT INTO `migrations` (`id`, `migration`, `batch`) VALUES
(1,	'0000_12_31_235959_create_roles_table',	1),
(2,	'0001_01_01_000000_create_users_table',	1),
(3,	'0001_01_01_000001_create_cache_table',	1),
(4,	'0001_01_01_000002_create_jobs_table',	1),
(5,	'2026_02_04_070258_create_personal_access_tokens_table',	1),
(6,	'2026_02_23_000002_create_subjects_table',	1),
(7,	'2026_03_02_235958_create_conversations_table',	1),
(8,	'2026_03_02_235959_create_conversation_members_table',	1),
(9,	'2026_03_03_000003_create_tutor_assignments_table',	1),
(10,	'2026_03_03_000004_create_meeting_table',	1),
(11,	'2026_03_03_000005_create_meeting_schedule_table',	1),
(12,	'2026_03_03_000006_create_meeting_attendees_table',	1),
(13,	'2026_03_03_000007_create_messages_table',	1),
(14,	'2026_03_03_000008_create_documents_table',	1),
(15,	'2026_03_03_000009_create_document_comments_table',	1),
(16,	'2026_03_11_000010_create_blogs_table',	1),
(17,	'2026_03_11_000011_create_blog_comments_table',	1),
(18,	'2026_03_16_045933_create_notifications_table',	1),
(19,	'2026_03_18_032759_create_activity_log_table',	1),
(20,	'2026_03_31_000001_add_login_lock_fields_to_users_table',	1),
(21,	'2026_03_31_000012_add_profile_image_path_to_users_table',	1),
(22,	'2026_04_03_000100_add_meeting_schedule_id_to_meeting_attendees_table',	1);

DROP TABLE IF EXISTS `notifications`;
CREATE TABLE `notifications` (
  `id` char(36) COLLATE utf8mb4_unicode_ci NOT NULL,
  `type` varchar(255) COLLATE utf8mb4_unicode_ci NOT NULL,
  `notifiable_type` varchar(255) COLLATE utf8mb4_unicode_ci NOT NULL,
  `notifiable_id` bigint unsigned NOT NULL,
  `data` text COLLATE utf8mb4_unicode_ci NOT NULL,
  `read_at` timestamp NULL DEFAULT NULL,
  `created_at` timestamp NULL DEFAULT NULL,
  `updated_at` timestamp NULL DEFAULT NULL,
  `deleted_at` timestamp NULL DEFAULT NULL,
  PRIMARY KEY (`id`),
  KEY `notifications_notifiable_type_notifiable_id_index` (`notifiable_type`,`notifiable_id`)
) ENGINE=InnoDB DEFAULT CHARSET=utf8mb4 COLLATE=utf8mb4_unicode_ci;

INSERT INTO `notifications` (`id`, `type`, `notifiable_type`, `notifiable_id`, `data`, `read_at`, `created_at`, `updated_at`, `deleted_at`) VALUES
('0586ed5b-5e21-48f6-b408-dce77c5831fe',	'App\\Notifications\\AllocationAssignedNotification',	'App\\Models\\User',	30,	'{\"title\":\"New Allocation\",\"body\":\"A new allocation has been created for you with Eliseo Pfeffer.\",\"action\":{\"route\":\"\\/allocations\",\"query\":{\"allocation\":15}}}',	NULL,	'2026-04-09 14:48:50',	'2026-04-09 14:48:50',	NULL),
('0bf64d85-8c81-4b5a-8297-da1c707b8263',	'App\\Notifications\\AllocationAssignedNotification',	'App\\Models\\User',	26,	'{\"title\":\"New Allocation\",\"body\":\"A new allocation has been created for you with Trinity Langworth PhD.\",\"action\":{\"route\":\"\\/allocations\",\"query\":{\"allocation\":22}}}',	NULL,	'2026-04-09 15:21:31',	'2026-04-09 15:21:31',	NULL),
('0c47ab2d-1702-4e4d-9c3e-4f14bec0d7a7',	'App\\Notifications\\AllocationAssignedNotification',	'App\\Models\\User',	31,	'{\"title\":\"New Allocation\",\"body\":\"A new allocation has been created for you with Diana Lemke.\",\"action\":{\"route\":\"\\/allocations\",\"query\":{\"allocation\":19}}}',	NULL,	'2026-04-09 15:21:31',	'2026-04-09 15:21:31',	NULL),
('15438d59-4181-4c82-b3ce-214ae1e216cd',	'App\\Notifications\\AllocationAssignedNotification',	'App\\Models\\User',	26,	'{\"title\":\"New Allocation\",\"body\":\"A new allocation has been created for you with Shane Koss.\",\"action\":{\"route\":\"\\/allocations\",\"query\":{\"allocation\":20}}}',	NULL,	'2026-04-09 15:21:31',	'2026-04-09 15:21:31',	NULL),
('33a4aa40-d7df-40e8-ac0a-4d1c6872cbfc',	'App\\Notifications\\AllocationAssignedNotification',	'App\\Models\\User',	17,	'{\"title\":\"New Allocation\",\"body\":\"A new allocation has been created for you with Favian Hills IV.\",\"action\":{\"route\":\"\\/allocations\",\"query\":{\"allocation\":15}}}',	NULL,	'2026-04-09 14:48:50',	'2026-04-09 14:48:50',	NULL),
('36c050ec-3316-4f4f-839f-f6c0cc7de4a9',	'App\\Notifications\\AllocationAssignedNotification',	'App\\Models\\User',	23,	'{\"title\":\"New Allocation\",\"body\":\"A new allocation has been created for you with Favian Hills IV.\",\"action\":{\"route\":\"\\/allocations\",\"query\":{\"allocation\":14}}}',	NULL,	'2026-04-09 14:48:50',	'2026-04-09 14:48:50',	NULL),
('3e820f07-7316-45c5-b33e-b46b84c2ba6f',	'App\\Notifications\\NewScheduleAssigned',	'App\\Models\\User',	29,	'{\"title\":\"New Schedule Assigned\",\"body\":\"A new schedule has been assigned for Friday Meeting.\",\"action\":{\"route\":\"\\/meeting-manager\",\"query\":{\"meeting\":2,\"schedule\":16}}}',	NULL,	'2026-04-09 15:25:40',	'2026-04-09 15:25:40',	NULL),
('42ba1708-b779-48b1-8a99-095b9e171a6f',	'App\\Notifications\\AllocationAssignedNotification',	'App\\Models\\User',	18,	'{\"title\":\"New Allocation\",\"body\":\"A new allocation has been created for you with Diana Lemke.\",\"action\":{\"route\":\"\\/allocations\",\"query\":{\"allocation\":22}}}',	NULL,	'2026-04-09 15:21:31',	'2026-04-09 15:21:31',	NULL),
('448b7053-aa56-43bd-b065-c5755c2375f1',	'App\\Notifications\\AllocationAssignedNotification',	'App\\Models\\User',	25,	'{\"title\":\"New Allocation\",\"body\":\"A new allocation has been created for you with your student.\",\"action\":{\"route\":\"\\/allocations\",\"query\":{\"allocation\":26}}}',	NULL,	'2026-04-11 14:09:04',	'2026-04-11 14:09:04',	NULL),
('562cc69f-797e-45ad-be0d-edea553c354e',	'App\\Notifications\\AllocationAssignedNotification',	'App\\Models\\User',	32,	'{\"title\":\"New Allocation\",\"body\":\"A new allocation has been created for you with Favian Hills IV.\",\"action\":{\"route\":\"\\/allocations\",\"query\":{\"allocation\":11}}}',	NULL,	'2026-04-09 14:48:50',	'2026-04-09 14:48:50',	NULL),
('5a7b8085-7aba-4cf1-974a-0cb099c81cb6',	'App\\Notifications\\AllocationAssignedNotification',	'App\\Models\\User',	26,	'{\"title\":\"New Allocation\",\"body\":\"A new allocation has been created for you with Gilda Gaylord II.\",\"action\":{\"route\":\"\\/allocations\",\"query\":{\"allocation\":24}}}',	NULL,	'2026-04-09 15:21:31',	'2026-04-09 15:21:31',	NULL),
('5d5b84cf-c590-4e5d-8adf-ea5519da2b07',	'App\\Notifications\\AllocationAssignedNotification',	'App\\Models\\User',	15,	'{\"title\":\"New Allocation\",\"body\":\"A new allocation has been created for you with Diana Lemke.\",\"action\":{\"route\":\"\\/allocations\",\"query\":{\"allocation\":25}}}',	NULL,	'2026-04-09 15:21:31',	'2026-04-09 15:21:31',	NULL),
('66d58d73-544f-4f7e-9df3-64e37bcc2e87',	'App\\Notifications\\AllocationAssignedNotification',	'App\\Models\\User',	30,	'{\"title\":\"New Allocation\",\"body\":\"A new allocation has been created for you with Trinity Langworth PhD.\",\"action\":{\"route\":\"\\/allocations\",\"query\":{\"allocation\":16}}}',	NULL,	'2026-04-09 14:48:50',	'2026-04-09 14:48:50',	NULL),
('67fe331d-6ce9-42ee-994b-161b7b7c5626',	'App\\Notifications\\AllocationAssignedNotification',	'App\\Models\\User',	23,	'{\"title\":\"New Allocation\",\"body\":\"A new allocation has been created for you with Diana Lemke.\",\"action\":{\"route\":\"\\/allocations\",\"query\":{\"allocation\":21}}}',	NULL,	'2026-04-09 15:21:31',	'2026-04-09 15:21:31',	NULL),
('6994032e-2c5c-45e5-b624-f69d6e907f11',	'App\\Notifications\\NewScheduleAssigned',	'App\\Models\\User',	30,	'{\"title\":\"New Schedule Assigned\",\"body\":\"A new schedule has been assigned for Friday Meeting.\",\"action\":{\"route\":\"\\/meeting-manager\",\"query\":{\"meeting\":2,\"schedule\":16}}}',	NULL,	'2026-04-09 15:25:40',	'2026-04-09 15:25:40',	NULL),
('80e5c75f-b9e3-443d-ada0-1e7da1e800b0',	'App\\Notifications\\AllocationAssignedNotification',	'App\\Models\\User',	17,	'{\"title\":\"New Allocation\",\"body\":\"A new allocation has been created for you with Diana Lemke.\",\"action\":{\"route\":\"\\/allocations\",\"query\":{\"allocation\":23}}}',	NULL,	'2026-04-09 15:21:31',	'2026-04-09 15:21:31',	NULL),
('8212a5dc-1b96-422a-8cc5-b3145f1de916',	'App\\Notifications\\AllocationAssignedNotification',	'App\\Models\\User',	26,	'{\"title\":\"New Allocation\",\"body\":\"A new allocation has been created for you with Eda Denesik.\",\"action\":{\"route\":\"\\/allocations\",\"query\":{\"allocation\":19}}}',	NULL,	'2026-04-09 15:21:31',	'2026-04-09 15:21:31',	NULL),
('841281b7-6a89-4b75-b0f3-9067fce09801',	'App\\Notifications\\AllocationAssignedNotification',	'App\\Models\\User',	29,	'{\"title\":\"New Allocation\",\"body\":\"A new allocation has been created for you with Diana Lemke.\",\"action\":{\"route\":\"\\/allocations\",\"query\":{\"allocation\":20}}}',	NULL,	'2026-04-09 15:21:31',	'2026-04-09 15:21:31',	NULL),
('8ab7d283-4bfe-4e69-afb1-1af0d5f34f95',	'App\\Notifications\\AllocationAssignedNotification',	'App\\Models\\User',	29,	'{\"title\":\"New Allocation\",\"body\":\"A new allocation has been created for you with Favian Hills IV.\",\"action\":{\"route\":\"\\/allocations\",\"query\":{\"allocation\":13}}}',	NULL,	'2026-04-09 14:48:50',	'2026-04-09 14:48:50',	NULL),
('9041b4a0-e1aa-48a1-a9a0-7505100d4167',	'App\\Notifications\\AllocationAssignedNotification',	'App\\Models\\User',	30,	'{\"title\":\"New Allocation\",\"body\":\"A new allocation has been created for you with Shane Koss.\",\"action\":{\"route\":\"\\/allocations\",\"query\":{\"allocation\":13}}}',	NULL,	'2026-04-09 14:48:50',	'2026-04-09 14:48:50',	NULL),
('9499dd66-1591-4aa7-b1cc-7986eb7764d2',	'App\\Notifications\\AllocationAssignedNotification',	'App\\Models\\User',	26,	'{\"title\":\"New Allocation\",\"body\":\"A new allocation has been created for you with Napoleon Kuvalis II.\",\"action\":{\"route\":\"\\/allocations\",\"query\":{\"allocation\":21}}}',	NULL,	'2026-04-09 15:21:31',	'2026-04-09 15:21:31',	NULL),
('957b1b1e-968d-4023-9bcb-1bf6389d1504',	'App\\Notifications\\AllocationAssignedNotification',	'App\\Models\\User',	33,	'{\"title\":\"New Allocation\",\"body\":\"A new allocation has been created for you with Favian Hills IV.\",\"action\":{\"route\":\"\\/allocations\",\"query\":{\"allocation\":10}}}',	NULL,	'2026-04-09 14:48:50',	'2026-04-09 14:48:50',	NULL),
('97f46110-3557-4658-9ef2-5638b9039859',	'App\\Notifications\\AllocationAssignedNotification',	'App\\Models\\User',	30,	'{\"title\":\"New Allocation\",\"body\":\"A new allocation has been created for you with Eda Denesik.\",\"action\":{\"route\":\"\\/allocations\",\"query\":{\"allocation\":12}}}',	NULL,	'2026-04-09 14:48:50',	'2026-04-09 14:48:50',	NULL),
('9ddf59e6-4631-4083-bf61-cfc3f6c26c7e',	'App\\Notifications\\AllocationAssignedNotification',	'App\\Models\\User',	26,	'{\"title\":\"New Allocation\",\"body\":\"A new allocation has been created for you with Miss Beryl Dibbert V.\",\"action\":{\"route\":\"\\/allocations\",\"query\":{\"allocation\":25}}}',	NULL,	'2026-04-09 15:21:31',	'2026-04-09 15:21:31',	NULL),
('a8f4f7bc-f224-43db-abf0-a4a17b2c2ed9',	'App\\Notifications\\AllocationAssignedNotification',	'App\\Models\\User',	30,	'{\"title\":\"New Allocation\",\"body\":\"A new allocation has been created for you with Brielle Rolfson.\",\"action\":{\"route\":\"\\/allocations\",\"query\":{\"allocation\":11}}}',	NULL,	'2026-04-09 14:48:50',	'2026-04-09 14:48:50',	NULL),
('ab1f3c1e-d7e0-415e-9898-aedbd99d36de',	'App\\Notifications\\AllocationAssignedNotification',	'App\\Models\\User',	36,	'{\"title\":\"New Allocation\",\"body\":\"A new allocation has been created for you with your tutor.\",\"action\":{\"route\":\"\\/allocations\",\"query\":{\"allocation\":26}}}',	NULL,	'2026-04-11 14:09:04',	'2026-04-11 14:09:04',	NULL),
('bd8a6a78-440b-43a6-942b-b16b6ba6b824',	'App\\Notifications\\AllocationAssignedNotification',	'App\\Models\\User',	26,	'{\"title\":\"New Allocation\",\"body\":\"A new allocation has been created for you with Eliseo Pfeffer.\",\"action\":{\"route\":\"\\/allocations\",\"query\":{\"allocation\":23}}}',	NULL,	'2026-04-09 15:21:31',	'2026-04-09 15:21:31',	NULL),
('c57f5ed3-6d28-4b26-8c39-f25d477c517b',	'App\\Notifications\\AllocationAssignedNotification',	'App\\Models\\User',	33,	'{\"title\":\"New Allocation\",\"body\":\"A new allocation has been created for you with Diana Lemke.\",\"action\":{\"route\":\"\\/allocations\",\"query\":{\"allocation\":17}}}',	NULL,	'2026-04-09 15:21:31',	'2026-04-09 15:21:31',	NULL),
('c5fd0c5c-be3c-40fa-a509-f3dbaf75f4de',	'App\\Notifications\\AllocationAssignedNotification',	'App\\Models\\User',	16,	'{\"title\":\"New Allocation\",\"body\":\"A new allocation has been created for you with Diana Lemke.\",\"action\":{\"route\":\"\\/allocations\",\"query\":{\"allocation\":24}}}',	NULL,	'2026-04-09 15:21:31',	'2026-04-09 15:21:31',	NULL),
('c77bcd77-7c25-4780-ab13-287a51d35025',	'App\\Notifications\\AllocationAssignedNotification',	'App\\Models\\User',	26,	'{\"title\":\"New Allocation\",\"body\":\"A new allocation has been created for you with Darlene Lueilwitz.\",\"action\":{\"route\":\"\\/allocations\",\"query\":{\"allocation\":17}}}',	NULL,	'2026-04-09 15:21:31',	'2026-04-09 15:21:31',	NULL),
('d138c232-3108-4eba-9cd5-63317de5c19f',	'App\\Notifications\\AllocationAssignedNotification',	'App\\Models\\User',	32,	'{\"title\":\"New Allocation\",\"body\":\"A new allocation has been created for you with Diana Lemke.\",\"action\":{\"route\":\"\\/allocations\",\"query\":{\"allocation\":18}}}',	NULL,	'2026-04-09 15:21:31',	'2026-04-09 15:21:31',	NULL),
('d86cab72-19c7-407b-ba0e-6afea6f0306d',	'App\\Notifications\\AllocationAssignedNotification',	'App\\Models\\User',	31,	'{\"title\":\"New Allocation\",\"body\":\"A new allocation has been created for you with Favian Hills IV.\",\"action\":{\"route\":\"\\/allocations\",\"query\":{\"allocation\":12}}}',	NULL,	'2026-04-09 14:48:50',	'2026-04-09 14:48:50',	NULL),
('dcd57787-0d6c-426b-b62f-ebf3140ca2f1',	'App\\Notifications\\AllocationAssignedNotification',	'App\\Models\\User',	18,	'{\"title\":\"New Allocation\",\"body\":\"A new allocation has been created for you with Favian Hills IV.\",\"action\":{\"route\":\"\\/allocations\",\"query\":{\"allocation\":16}}}',	NULL,	'2026-04-09 14:48:50',	'2026-04-09 14:48:50',	NULL),
('e11bb0ac-8804-4594-8de8-1e9f28b29c58',	'App\\Notifications\\AllocationAssignedNotification',	'App\\Models\\User',	30,	'{\"title\":\"New Allocation\",\"body\":\"A new allocation has been created for you with Napoleon Kuvalis II.\",\"action\":{\"route\":\"\\/allocations\",\"query\":{\"allocation\":14}}}',	NULL,	'2026-04-09 14:48:50',	'2026-04-09 14:48:50',	NULL),
('ec618887-b410-42cb-b695-18e6c4ba23d7',	'App\\Notifications\\AllocationAssignedNotification',	'App\\Models\\User',	30,	'{\"title\":\"New Allocation\",\"body\":\"A new allocation has been created for you with Darlene Lueilwitz.\",\"action\":{\"route\":\"\\/allocations\",\"query\":{\"allocation\":10}}}',	NULL,	'2026-04-09 14:48:50',	'2026-04-09 14:48:50',	NULL),
('f3fb309b-e0bb-4024-8126-741ed6c76160',	'App\\Notifications\\AllocationAssignedNotification',	'App\\Models\\User',	26,	'{\"title\":\"New Allocation\",\"body\":\"A new allocation has been created for you with Brielle Rolfson.\",\"action\":{\"route\":\"\\/allocations\",\"query\":{\"allocation\":18}}}',	NULL,	'2026-04-09 15:21:31',	'2026-04-09 15:21:31',	NULL);

DROP TABLE IF EXISTS `password_reset_tokens`;
CREATE TABLE `password_reset_tokens` (
  `email` varchar(255) COLLATE utf8mb4_unicode_ci NOT NULL,
  `token` varchar(255) COLLATE utf8mb4_unicode_ci NOT NULL,
  `created_at` timestamp NULL DEFAULT NULL,
  `deleted_at` timestamp NULL DEFAULT NULL,
  PRIMARY KEY (`email`)
) ENGINE=InnoDB DEFAULT CHARSET=utf8mb4 COLLATE=utf8mb4_unicode_ci;

INSERT INTO `password_reset_tokens` (`email`, `token`, `created_at`, `deleted_at`) VALUES
('minkhantkyawdev@gmail.com',	'$2y$12$7Ef6I0XfypF86m.1QYfdau17ykg/C9u63PnFEOqO5PiGxJYElvNam',	'2026-04-09 15:38:59',	NULL),
('thawzinmyo777@gmail.com',	'$2y$12$1VDgF1Zp4zi4fVbCNKgXfeYp18KbKq0TYoNjEKbx01n55nTqZ.2P6',	'2026-04-11 14:09:51',	NULL);

DROP TABLE IF EXISTS `personal_access_tokens`;
CREATE TABLE `personal_access_tokens` (
  `id` bigint unsigned NOT NULL AUTO_INCREMENT,
  `tokenable_type` varchar(255) COLLATE utf8mb4_unicode_ci NOT NULL,
  `tokenable_id` bigint unsigned NOT NULL,
  `name` text COLLATE utf8mb4_unicode_ci NOT NULL,
  `token` varchar(64) COLLATE utf8mb4_unicode_ci NOT NULL,
  `abilities` text COLLATE utf8mb4_unicode_ci,
  `last_used_at` timestamp NULL DEFAULT NULL,
  `expires_at` timestamp NULL DEFAULT NULL,
  `created_at` timestamp NULL DEFAULT NULL,
  `updated_at` timestamp NULL DEFAULT NULL,
  `deleted_at` timestamp NULL DEFAULT NULL,
  PRIMARY KEY (`id`),
  UNIQUE KEY `personal_access_tokens_token_unique` (`token`),
  KEY `personal_access_tokens_tokenable_type_tokenable_id_index` (`tokenable_type`,`tokenable_id`),
  KEY `personal_access_tokens_expires_at_index` (`expires_at`)
) ENGINE=InnoDB DEFAULT CHARSET=utf8mb4 COLLATE=utf8mb4_unicode_ci;

INSERT INTO `personal_access_tokens` (`id`, `tokenable_type`, `tokenable_id`, `name`, `token`, `abilities`, `last_used_at`, `expires_at`, `created_at`, `updated_at`, `deleted_at`) VALUES
(31,	'App\\Models\\User',	1,	'Mozilla/5.0 (Macintosh; Intel Mac OS X 10_15_7) AppleWebKit/537.36 (KHTML, like Gecko) Chrome/146.0.0.0 Safari/537.36',	'491a9dcbc2fcba7833a7fc41a9d0960e2e6a07ae84b9023347074359b5083e7f',	'[\"*\"]',	'2026-04-09 18:40:50',	NULL,	'2026-04-09 15:41:36',	'2026-04-09 18:40:50',	NULL),
(37,	'App\\Models\\User',	30,	'Mozilla/5.0 (Macintosh; Intel Mac OS X 10_15_7) AppleWebKit/537.36 (KHTML, like Gecko) Chrome/143.0.0.0 Safari/537.36',	'4d2f6b31997ecc3c208e9b3a7f0fb59279e2663b4d20bf24abec685cb5faef13',	'[\"*\"]',	'2026-04-15 02:44:17',	NULL,	'2026-04-13 14:09:39',	'2026-04-15 02:44:17',	NULL),
(50,	'App\\Models\\User',	1,	'Mozilla/5.0 (Macintosh; Intel Mac OS X 10_15_7) AppleWebKit/537.36 (KHTML, like Gecko) Chrome/147.0.0.0 Safari/537.36',	'dfc978fa389b7c17670c71c79dc30407e4c59a7992352c193102a34355c81703',	'[\"*\"]',	NULL,	NULL,	'2026-04-14 07:46:10',	'2026-04-14 07:46:10',	NULL),
(51,	'App\\Models\\User',	1,	'Mozilla/5.0 (Macintosh; Intel Mac OS X 10_15_7) AppleWebKit/537.36 (KHTML, like Gecko) Chrome/147.0.0.0 Safari/537.36',	'b4425768001c95bc41da1d876bdbedb9bbddf78e6766b8aa5d8d662dcc536404',	'[\"*\"]',	NULL,	NULL,	'2026-04-14 09:15:45',	'2026-04-14 09:15:45',	NULL),
(61,	'App\\Models\\User',	2,	'Mozilla/5.0 (Macintosh; Intel Mac OS X 10_15_7) AppleWebKit/537.36 (KHTML, like Gecko) Chrome/146.0.0.0 Safari/537.36',	'1ead5518f1b71a9f4caf5a623202665bd4180f6be7fabf31ae1f74505b905f7d',	'[\"*\"]',	'2026-04-14 15:41:48',	NULL,	'2026-04-14 14:08:41',	'2026-04-14 15:41:48',	NULL),
(65,	'App\\Models\\User',	3,	'Mozilla/5.0 (Windows NT 10.0; Win64; x64) AppleWebKit/537.36 (KHTML, like Gecko) Chrome/146.0.0.0 Safari/537.36 Edg/146.0.0.0',	'd58ba4f444c129c7313f6c722073ded14e860d1869804dc685c635cbc5ab7309',	'[\"*\"]',	'2026-04-14 15:33:10',	NULL,	'2026-04-14 15:17:09',	'2026-04-14 15:33:10',	NULL),
(66,	'App\\Models\\User',	1,	'Mozilla/5.0 (Macintosh; Intel Mac OS X 10_15_7) AppleWebKit/537.36 (KHTML, like Gecko) Chrome/147.0.0.0 Safari/537.36',	'3e4e3161c9eeae902cd4ca020ebd81f9e5e144c9fdb116f8e5f711620cef2df8',	'[\"*\"]',	NULL,	NULL,	'2026-04-14 16:26:34',	'2026-04-14 16:26:34',	NULL),
(74,	'App\\Models\\User',	4,	'Mozilla/5.0 (Macintosh; Intel Mac OS X 10.15; rv:149.0) Gecko/20100101 Firefox/149.0',	'6677006753d833388f2f55b694fe3255993da99d3a848ba8bc786dee62233249',	'[\"*\"]',	'2026-04-15 02:52:02',	NULL,	'2026-04-15 02:50:31',	'2026-04-15 02:52:02',	NULL);

DROP TABLE IF EXISTS `roles`;
CREATE TABLE `roles` (
  `id` bigint unsigned NOT NULL AUTO_INCREMENT,
  `code` varchar(255) COLLATE utf8mb4_unicode_ci NOT NULL,
  `name` varchar(255) COLLATE utf8mb4_unicode_ci NOT NULL,
  `created_at` timestamp NULL DEFAULT NULL,
  `updated_at` timestamp NULL DEFAULT NULL,
  `deleted_at` timestamp NULL DEFAULT NULL,
  PRIMARY KEY (`id`),
  UNIQUE KEY `roles_code_unique` (`code`)
) ENGINE=InnoDB DEFAULT CHARSET=utf8mb4 COLLATE=utf8mb4_unicode_ci;

INSERT INTO `roles` (`id`, `code`, `name`, `created_at`, `updated_at`, `deleted_at`) VALUES
(1,	'ADMIN',	'Admin',	'2026-04-05 07:19:40',	'2026-04-05 07:19:40',	NULL),
(2,	'STAFF',	'Staff',	'2026-04-05 07:19:40',	'2026-04-05 07:19:40',	NULL),
(3,	'TUTOR',	'Tutor',	'2026-04-05 07:19:40',	'2026-04-05 07:19:40',	NULL),
(4,	'STUDENT',	'Student',	'2026-04-05 07:19:40',	'2026-04-05 07:19:40',	NULL);

DROP TABLE IF EXISTS `sessions`;
CREATE TABLE `sessions` (
  `id` varchar(255) COLLATE utf8mb4_unicode_ci NOT NULL,
  `user_id` bigint unsigned DEFAULT NULL,
  `ip_address` varchar(45) COLLATE utf8mb4_unicode_ci DEFAULT NULL,
  `user_agent` text COLLATE utf8mb4_unicode_ci,
  `payload` longtext COLLATE utf8mb4_unicode_ci NOT NULL,
  `last_activity` int NOT NULL,
  `deleted_at` timestamp NULL DEFAULT NULL,
  PRIMARY KEY (`id`),
  KEY `sessions_user_id_index` (`user_id`),
  KEY `sessions_last_activity_index` (`last_activity`)
) ENGINE=InnoDB DEFAULT CHARSET=utf8mb4 COLLATE=utf8mb4_unicode_ci;


DROP TABLE IF EXISTS `subject_user`;
CREATE TABLE `subject_user` (
  `id` bigint unsigned NOT NULL AUTO_INCREMENT,
  `subject_id` bigint unsigned NOT NULL,
  `user_id` bigint unsigned NOT NULL,
  `created_at` timestamp NULL DEFAULT NULL,
  `updated_at` timestamp NULL DEFAULT NULL,
  `deleted_at` timestamp NULL DEFAULT NULL,
  PRIMARY KEY (`id`),
  UNIQUE KEY `subject_user_subject_id_user_id_unique` (`subject_id`,`user_id`),
  KEY `subject_user_user_id_foreign` (`user_id`),
  CONSTRAINT `subject_user_subject_id_foreign` FOREIGN KEY (`subject_id`) REFERENCES `subjects` (`id`) ON DELETE CASCADE,
  CONSTRAINT `subject_user_user_id_foreign` FOREIGN KEY (`user_id`) REFERENCES `users` (`id`) ON DELETE CASCADE
) ENGINE=InnoDB DEFAULT CHARSET=utf8mb4 COLLATE=utf8mb4_unicode_ci;

INSERT INTO `subject_user` (`id`, `subject_id`, `user_id`, `created_at`, `updated_at`, `deleted_at`) VALUES
(4,	3,	4,	NULL,	NULL,	NULL),
(5,	6,	5,	NULL,	NULL,	NULL),
(6,	7,	5,	NULL,	NULL,	NULL),
(7,	7,	6,	NULL,	NULL,	NULL),
(8,	8,	6,	NULL,	NULL,	NULL),
(9,	9,	8,	NULL,	NULL,	NULL),
(10,	10,	8,	NULL,	NULL,	NULL),
(11,	11,	8,	NULL,	NULL,	NULL),
(12,	10,	9,	NULL,	NULL,	NULL),
(13,	11,	9,	NULL,	NULL,	NULL),
(14,	12,	9,	NULL,	NULL,	NULL),
(15,	11,	10,	NULL,	NULL,	NULL),
(16,	12,	10,	NULL,	NULL,	NULL),
(17,	13,	10,	NULL,	NULL,	NULL),
(18,	13,	12,	NULL,	NULL,	NULL),
(19,	14,	12,	NULL,	NULL,	NULL),
(20,	14,	13,	NULL,	NULL,	NULL),
(21,	15,	13,	NULL,	NULL,	NULL),
(22,	16,	13,	NULL,	NULL,	NULL),
(23,	15,	14,	NULL,	NULL,	NULL),
(24,	16,	14,	NULL,	NULL,	NULL),
(25,	17,	14,	NULL,	NULL,	NULL),
(26,	16,	15,	NULL,	NULL,	NULL),
(27,	17,	15,	NULL,	NULL,	NULL),
(28,	17,	16,	NULL,	NULL,	NULL),
(29,	18,	16,	NULL,	NULL,	NULL),
(30,	18,	17,	NULL,	NULL,	NULL),
(31,	19,	17,	NULL,	NULL,	NULL),
(32,	19,	18,	NULL,	NULL,	NULL),
(33,	20,	18,	NULL,	NULL,	NULL),
(34,	1,	20,	NULL,	NULL,	NULL),
(35,	2,	20,	NULL,	NULL,	NULL),
(36,	3,	20,	NULL,	NULL,	NULL),
(37,	4,	23,	NULL,	NULL,	NULL),
(38,	5,	23,	NULL,	NULL,	NULL),
(39,	5,	24,	NULL,	NULL,	NULL),
(40,	6,	24,	NULL,	NULL,	NULL),
(41,	7,	24,	NULL,	NULL,	NULL),
(42,	6,	25,	NULL,	NULL,	NULL),
(43,	7,	25,	NULL,	NULL,	NULL),
(44,	8,	25,	NULL,	NULL,	NULL),
(45,	7,	26,	NULL,	NULL,	NULL),
(46,	8,	26,	NULL,	NULL,	NULL),
(47,	9,	26,	NULL,	NULL,	NULL),
(48,	9,	28,	NULL,	NULL,	NULL),
(49,	10,	28,	NULL,	NULL,	NULL),
(50,	11,	28,	NULL,	NULL,	NULL),
(51,	10,	29,	NULL,	NULL,	NULL),
(52,	11,	29,	NULL,	NULL,	NULL),
(53,	11,	30,	NULL,	NULL,	NULL),
(54,	12,	30,	NULL,	NULL,	NULL),
(55,	13,	30,	NULL,	NULL,	NULL),
(56,	12,	31,	NULL,	NULL,	NULL),
(57,	13,	31,	NULL,	NULL,	NULL),
(58,	13,	32,	NULL,	NULL,	NULL),
(59,	14,	32,	NULL,	NULL,	NULL),
(60,	14,	33,	NULL,	NULL,	NULL),
(61,	15,	33,	NULL,	NULL,	NULL),
(62,	7,	3,	NULL,	NULL,	NULL),
(63,	19,	36,	NULL,	NULL,	NULL);

DROP TABLE IF EXISTS `subjects`;
CREATE TABLE `subjects` (
  `id` bigint unsigned NOT NULL AUTO_INCREMENT,
  `name` varchar(255) COLLATE utf8mb4_unicode_ci NOT NULL,
  `description` text COLLATE utf8mb4_unicode_ci,
  `is_active` tinyint(1) NOT NULL DEFAULT '1',
  `created_at` timestamp NULL DEFAULT NULL,
  `updated_at` timestamp NULL DEFAULT NULL,
  `deleted_at` timestamp NULL DEFAULT NULL,
  PRIMARY KEY (`id`),
  UNIQUE KEY `subjects_name_unique` (`name`)
) ENGINE=InnoDB DEFAULT CHARSET=utf8mb4 COLLATE=utf8mb4_unicode_ci;

INSERT INTO `subjects` (`id`, `name`, `description`, `is_active`, `created_at`, `updated_at`, `deleted_at`) VALUES
(1,	'Accounting',	'Financial reporting, budgeting, and introductory auditing concepts.',	1,	'2026-04-05 07:19:51',	'2026-04-05 07:19:51',	NULL),
(2,	'Business Management',	'Foundations of management, operations, and organisational behaviour.',	1,	'2026-04-05 07:19:51',	'2026-04-05 07:19:51',	NULL),
(3,	'Computer Science',	'Programming, software engineering, and applied computing fundamentals.',	1,	'2026-04-05 07:19:51',	'2026-04-05 07:19:51',	NULL),
(4,	'Cyber Security',	'Network defence, secure systems design, and threat awareness.',	1,	'2026-04-05 07:19:51',	'2026-04-05 07:19:51',	NULL),
(5,	'Data Science',	'Data analysis, visualisation, and statistical modelling for decision-making.',	1,	'2026-04-05 07:19:51',	'2026-04-05 07:19:51',	NULL),
(6,	'Economics',	'Microeconomics, macroeconomics, and market analysis fundamentals.',	1,	'2026-04-05 07:19:51',	'2026-04-05 07:19:51',	NULL),
(7,	'Engineering Mathematics',	'Applied calculus, matrices, and modelling techniques for engineering study.',	1,	'2026-04-05 07:19:51',	'2026-04-05 07:19:51',	NULL),
(8,	'English Literature',	'Critical reading, textual analysis, and interpretation of literary works.',	1,	'2026-04-05 07:19:51',	'2026-04-05 07:19:51',	NULL),
(9,	'Graphic Design',	'Visual communication, layout principles, and digital design workflows.',	1,	'2026-04-05 07:19:51',	'2026-04-05 07:19:51',	NULL),
(10,	'Human Resource Management',	'Recruitment, performance management, and workplace policy fundamentals.',	1,	'2026-04-05 07:19:51',	'2026-04-05 07:19:51',	NULL),
(11,	'International Business',	'Global trade, cross-cultural management, and international strategy.',	1,	'2026-04-05 07:19:51',	'2026-04-05 07:19:51',	NULL),
(12,	'Law',	'Legal systems, contract principles, and case-based reasoning practice.',	1,	'2026-04-05 07:19:51',	'2026-04-05 07:19:51',	NULL),
(13,	'Mathematics',	'Core algebra, calculus, and quantitative problem-solving practice.',	1,	'2026-04-05 07:19:51',	'2026-04-05 07:19:51',	NULL),
(14,	'Mechanical Engineering',	'Statics, dynamics, materials, and core mechanical design concepts.',	1,	'2026-04-05 07:19:51',	'2026-04-05 07:19:51',	NULL),
(15,	'Media Studies',	'Digital media analysis, communication theory, and content evaluation.',	1,	'2026-04-05 07:19:51',	'2026-04-05 07:19:51',	NULL),
(16,	'Physics',	'Classical mechanics, electricity, and scientific problem-solving practice.',	1,	'2026-04-05 07:19:51',	'2026-04-05 07:19:51',	NULL),
(17,	'Project Management',	'Planning, scheduling, risk control, and delivery management techniques.',	1,	'2026-04-05 07:19:51',	'2026-04-05 07:19:51',	NULL),
(18,	'Psychology',	'Behavioural science, cognition, and research methods in psychology.',	1,	'2026-04-05 07:19:51',	'2026-04-05 07:19:51',	NULL),
(19,	'Software Engineering',	'Requirements, system design, testing, and collaborative development practices.',	1,	'2026-04-05 07:19:51',	'2026-04-05 07:19:51',	NULL),
(20,	'Statistics',	'Probability, inference, and data-driven reasoning for academic study.',	1,	'2026-04-05 07:19:51',	'2026-04-05 07:19:51',	NULL),
(21,	'Academic English',	'Writing, reading, and presentation skills for university study.',	0,	'2026-04-05 07:19:51',	'2026-04-05 07:19:51',	NULL),
(22,	'Foundation Chemistry',	'Introductory chemical principles, reactions, and laboratory theory.',	0,	'2026-04-05 07:19:51',	'2026-04-05 07:19:51',	NULL),
(23,	'Mobile App Development',	'User-focused application design and development for modern mobile platforms.',	0,	'2026-04-05 07:19:51',	'2026-04-05 07:19:51',	NULL);

DROP TABLE IF EXISTS `tutor_assignments`;
CREATE TABLE `tutor_assignments` (
  `id` bigint unsigned NOT NULL AUTO_INCREMENT,
  `start_date` date NOT NULL,
  `end_date` date NOT NULL,
  `status` enum('ACTIVE','INACTIVE') COLLATE utf8mb4_unicode_ci DEFAULT NULL,
  `tutor_user_id` bigint unsigned DEFAULT NULL,
  `student_user_id` bigint unsigned DEFAULT NULL,
  `created_at` timestamp NULL DEFAULT NULL,
  `updated_at` timestamp NULL DEFAULT NULL,
  `deleted_at` timestamp NULL DEFAULT NULL,
  PRIMARY KEY (`id`),
  UNIQUE KEY `tutor_assignment_tutor_student_unique` (`tutor_user_id`,`student_user_id`),
  KEY `tutor_assignments_student_user_id_foreign` (`student_user_id`),
  KEY `tutor_assignments_start_date_end_date_index` (`start_date`,`end_date`),
  KEY `tutor_assignments_status_index` (`status`),
  CONSTRAINT `tutor_assignments_student_user_id_foreign` FOREIGN KEY (`student_user_id`) REFERENCES `users` (`id`) ON DELETE SET NULL,
  CONSTRAINT `tutor_assignments_tutor_user_id_foreign` FOREIGN KEY (`tutor_user_id`) REFERENCES `users` (`id`) ON DELETE SET NULL
) ENGINE=InnoDB DEFAULT CHARSET=utf8mb4 COLLATE=utf8mb4_unicode_ci;

INSERT INTO `tutor_assignments` (`id`, `start_date`, `end_date`, `status`, `tutor_user_id`, `student_user_id`, `created_at`, `updated_at`, `deleted_at`) VALUES
(1,	'2026-01-05',	'2026-06-05',	'ACTIVE',	3,	4,	'2026-04-05 07:19:52',	'2026-04-05 07:19:52',	NULL),
(2,	'2026-03-25',	'2026-07-25',	'ACTIVE',	8,	5,	'2026-04-05 07:19:52',	'2026-04-05 07:19:52',	NULL),
(3,	'2026-03-28',	'2026-07-28',	'ACTIVE',	9,	6,	'2026-04-05 07:19:52',	'2026-04-05 07:19:52',	NULL),
(4,	'2026-03-31',	'2026-07-31',	'ACTIVE',	10,	12,	'2026-04-05 07:19:52',	'2026-04-05 07:19:52',	NULL),
(5,	'2026-04-03',	'2026-08-03',	'ACTIVE',	13,	15,	'2026-04-05 07:19:52',	'2026-04-05 07:19:52',	NULL),
(6,	'2026-04-06',	'2026-08-06',	'ACTIVE',	14,	16,	'2026-04-05 07:19:52',	'2026-04-06 00:00:01',	NULL),
(7,	'2026-04-09',	'2026-08-09',	'ACTIVE',	20,	17,	'2026-04-05 07:19:52',	'2026-04-09 00:00:00',	NULL),
(8,	'2026-04-12',	'2026-08-12',	'ACTIVE',	24,	18,	'2026-04-05 07:19:52',	'2026-04-12 00:00:00',	NULL),
(9,	'2026-04-15',	'2026-08-15',	'ACTIVE',	25,	23,	'2026-04-05 07:19:52',	'2026-04-15 00:00:01',	NULL),
(10,	'2026-04-10',	'2026-07-10',	'ACTIVE',	30,	33,	'2026-04-09 14:48:50',	'2026-04-10 00:00:00',	NULL),
(11,	'2026-04-10',	'2026-07-10',	'ACTIVE',	30,	32,	'2026-04-09 14:48:50',	'2026-04-10 00:00:00',	NULL),
(12,	'2026-04-10',	'2026-07-10',	'ACTIVE',	30,	31,	'2026-04-09 14:48:50',	'2026-04-10 00:00:01',	NULL),
(13,	'2026-04-10',	'2026-07-10',	'ACTIVE',	30,	29,	'2026-04-09 14:48:50',	'2026-04-10 00:00:01',	NULL),
(14,	'2026-04-10',	'2026-07-10',	'ACTIVE',	30,	23,	'2026-04-09 14:48:50',	'2026-04-10 00:00:01',	NULL),
(15,	'2026-04-10',	'2026-07-10',	'ACTIVE',	30,	17,	'2026-04-09 14:48:50',	'2026-04-10 00:00:01',	NULL),
(16,	'2026-04-10',	'2026-07-10',	'ACTIVE',	30,	18,	'2026-04-09 14:48:50',	'2026-04-10 00:00:01',	NULL),
(17,	'2026-04-10',	'2026-07-10',	'ACTIVE',	26,	33,	'2026-04-09 15:21:31',	'2026-04-10 00:00:01',	NULL),
(18,	'2026-04-10',	'2026-07-10',	'ACTIVE',	26,	32,	'2026-04-09 15:21:31',	'2026-04-10 00:00:01',	NULL),
(19,	'2026-04-10',	'2026-07-10',	'ACTIVE',	26,	31,	'2026-04-09 15:21:31',	'2026-04-10 00:00:01',	NULL),
(20,	'2026-04-10',	'2026-07-10',	'ACTIVE',	26,	29,	'2026-04-09 15:21:31',	'2026-04-10 00:00:01',	NULL),
(21,	'2026-04-10',	'2026-07-10',	'ACTIVE',	26,	23,	'2026-04-09 15:21:31',	'2026-04-10 00:00:01',	NULL),
(22,	'2026-04-10',	'2026-07-10',	'ACTIVE',	26,	18,	'2026-04-09 15:21:31',	'2026-04-10 00:00:01',	NULL),
(23,	'2026-04-10',	'2026-07-10',	'ACTIVE',	26,	17,	'2026-04-09 15:21:31',	'2026-04-10 00:00:01',	NULL),
(24,	'2026-04-10',	'2026-07-10',	'ACTIVE',	26,	16,	'2026-04-09 15:21:31',	'2026-04-10 00:00:01',	NULL),
(25,	'2026-04-10',	'2026-07-10',	'ACTIVE',	26,	15,	'2026-04-09 15:21:31',	'2026-04-10 00:00:01',	NULL),
(26,	'2026-03-01',	'2026-05-01',	'ACTIVE',	25,	36,	'2026-04-11 14:09:04',	'2026-04-11 14:09:04',	NULL);

DROP TABLE IF EXISTS `users`;
CREATE TABLE `users` (
  `id` bigint unsigned NOT NULL AUTO_INCREMENT,
  `uuid` char(36) COLLATE utf8mb4_unicode_ci NOT NULL,
  `name` varchar(255) COLLATE utf8mb4_unicode_ci NOT NULL,
  `email` varchar(255) COLLATE utf8mb4_unicode_ci NOT NULL,
  `email_verified_at` timestamp NULL DEFAULT NULL,
  `password` varchar(255) COLLATE utf8mb4_unicode_ci NOT NULL,
  `phone` varchar(255) COLLATE utf8mb4_unicode_ci DEFAULT NULL,
  `address` varchar(255) COLLATE utf8mb4_unicode_ci DEFAULT NULL,
  `country` varchar(255) COLLATE utf8mb4_unicode_ci DEFAULT NULL,
  `city` varchar(255) COLLATE utf8mb4_unicode_ci DEFAULT NULL,
  `township` varchar(255) COLLATE utf8mb4_unicode_ci DEFAULT NULL,
  `profile_image_path` varchar(255) COLLATE utf8mb4_unicode_ci DEFAULT NULL,
  `role_id` bigint unsigned DEFAULT NULL,
  `is_active` tinyint(1) NOT NULL DEFAULT '1',
  `failed_login_attempts` smallint unsigned NOT NULL DEFAULT '0',
  `locked_until` timestamp NULL DEFAULT NULL,
  `remember_token` varchar(100) COLLATE utf8mb4_unicode_ci DEFAULT NULL,
  `created_at` timestamp NULL DEFAULT NULL,
  `updated_at` timestamp NULL DEFAULT NULL,
  `deleted_at` timestamp NULL DEFAULT NULL,
  PRIMARY KEY (`id`),
  UNIQUE KEY `users_uuid_unique` (`uuid`),
  UNIQUE KEY `users_email_unique` (`email`),
  KEY `users_role_id_foreign` (`role_id`),
  CONSTRAINT `users_role_id_foreign` FOREIGN KEY (`role_id`) REFERENCES `roles` (`id`) ON DELETE SET NULL
) ENGINE=InnoDB DEFAULT CHARSET=utf8mb4 COLLATE=utf8mb4_unicode_ci;

INSERT INTO `users` (`id`, `uuid`, `name`, `email`, `email_verified_at`, `password`, `phone`, `address`, `country`, `city`, `township`, `profile_image_path`, `role_id`, `is_active`, `failed_login_attempts`, `locked_until`, `remember_token`, `created_at`, `updated_at`, `deleted_at`) VALUES
(1,	'd359b3f2-c454-4b10-be97-66ebae177a5d',	'Admin User',	'admin@greenwich.ac.uk',	'2026-04-05 07:19:41',	'$2y$12$kKvdOI6vSfjT52q/yqehSOKCGnaU.oINSeu7eU7qOCeeJVP2vGMfO',	NULL,	NULL,	NULL,	NULL,	NULL,	NULL,	1,	1,	0,	NULL,	'pLH8L2Nwmb',	'2026-04-05 07:19:41',	'2026-04-15 02:47:39',	NULL),
(2,	'24d6923f-e2f6-463e-9615-11703056f1f3',	'Staff User',	'staff@greenwich.ac.uk',	'2026-04-05 07:19:41',	'$2y$12$MIKGEK3aKFK.OsZV9w37CeAIdarDZlxuNvB0dmArDmxgaC.T24Ioe',	NULL,	NULL,	NULL,	NULL,	NULL,	NULL,	2,	1,	0,	NULL,	'jNbzJfBb9L',	'2026-04-05 07:19:41',	'2026-04-15 02:48:20',	NULL),
(3,	'a5e8f4ac-e197-4a50-9deb-b2e444dacbee',	'Tutor User',	'tutor@greenwich.ac.uk',	'2026-04-05 07:19:41',	'$2y$12$vByVj3jT46qJ.fh/Hrq05.KWjdvjASWeZLQXVh96vJ4z69R7FBrt.',	'0631393053',	NULL,	NULL,	NULL,	NULL,	NULL,	3,	1,	0,	NULL,	'EeifbcsBGX',	'2026-04-05 07:19:42',	'2026-04-15 02:49:17',	NULL),
(4,	'70c05acc-7f04-424f-8ab8-aafe532e4c23',	'Student User',	'student@greenwich.ac.uk',	'2026-04-05 07:19:42',	'$2y$12$A3udu6dDKVKVlWWklghcFukzMlOouQQtqZghzM.iOn8lzn05P9baW',	NULL,	NULL,	NULL,	NULL,	NULL,	NULL,	4,	1,	0,	NULL,	'Zxnh11TvGW',	'2026-04-05 07:19:42',	'2026-04-15 02:50:04',	NULL),
(5,	'594503e4-ca29-4434-b38a-a102504b5c42',	'Nasir Ullrich IV',	'dameon.schamberger@greenwich.ac.uk',	'2026-04-05 07:19:42',	'$2y$12$wAQkTj/rAq4S3X.MWFQKf.Jk/wA6jRRCH6S1lvl13MAmjhDmx2FKq',	'850.909.9048',	'40027 Dolly Junction Apt. 071',	'Cayman Islands',	'Padbergmouth',	'Schimmelland',	NULL,	4,	1,	0,	NULL,	'EjKjRfGZN6',	'2026-04-05 07:19:51',	'2026-04-05 07:19:51',	NULL),
(6,	'85f9a01a-26ab-4b80-a59f-5628d334a346',	'Amani Treutel',	'blanca.spinka@greenwich.ac.uk',	'2026-04-05 07:19:42',	'$2y$12$R7xlODMfMJKoVfQd/tiVYuZuenUjDAjOWoEbEoL6bo7huXgJwH00q',	'+1-832-203-2234',	'9152 Kelli Plaza Suite 291',	'Macedonia',	'Bogisichmouth',	'Margotfurt',	NULL,	4,	1,	0,	NULL,	'MwbRuYSGZK',	'2026-04-05 07:19:51',	'2026-04-05 07:19:51',	NULL),
(7,	'd37c26c4-c0c4-40b4-be7c-7831f4dc2435',	'Prof. Gerhard Leffler',	'felicia.herman@greenwich.ac.uk',	'2026-04-05 07:19:43',	'$2y$12$lfQWHtlkqH/DLnD7eFzIquq254nQoQYWCMFw60EPoVw74xy5PEQN.',	'+1 (657) 453-4379',	'7730 Luna Parkways',	'Namibia',	'Yundtborough',	'South Elenaton',	NULL,	2,	1,	0,	NULL,	'1wVbn2xw7c',	'2026-04-05 07:19:51',	'2026-04-05 07:19:51',	NULL),
(8,	'3bcf2f64-fe24-4105-b5ea-b06be61e7e7a',	'Prof. Jedidiah Smitham IV',	'bette08@greenwich.ac.uk',	'2026-04-05 07:19:43',	'$2y$12$JYUGNcX4Y/2NdgP9c/tuS.HTuEEcK9K7Xgq82ugxIEu5fwuaxhlxK',	'(417) 413-3064',	'561 Pfannerstill Terrace Suite 507',	'Solomon Islands',	'East Aracely',	'Lucioport',	NULL,	3,	1,	0,	NULL,	'mXh8kG3bm6',	'2026-04-05 07:19:51',	'2026-04-05 07:19:51',	NULL),
(9,	'22b035c3-e10a-44df-9423-44ead9c989a4',	'Shanny Kshlerin',	'kbeahan@greenwich.ac.uk',	'2026-04-05 07:19:43',	'$2y$12$oZ0SyVdvNTuoUje3O/NgBeNws4xkyGrIflcZkW2tLAJwksKpWWOeG',	'+1-757-660-3296',	'6715 Evert Road',	'Congo',	'Hammeston',	'Schultzborough',	NULL,	3,	1,	0,	NULL,	'EejK0P2H2t',	'2026-04-05 07:19:51',	'2026-04-05 07:19:51',	NULL),
(10,	'ddcdf045-f297-4ca5-8dea-981a1577f8a5',	'Mr. Jacques Klein Jr.',	'gtromp@greenwich.ac.uk',	'2026-04-05 07:19:43',	'$2y$12$n4srJHd77k3To2a48dR0FeiOMRmF7XyogDOw/3oF7FujpDoK90c8.',	'952.854.9165',	'82661 Vada Unions',	'United States Minor Outlying Islands',	'Turnermouth',	'North Merle',	NULL,	3,	1,	0,	NULL,	'Yx3Bay59AT',	'2026-04-05 07:19:51',	'2026-04-05 07:19:51',	NULL),
(11,	'fa9ce003-06e7-4431-b233-9bbbea0e3186',	'Tianna Zboncak III',	'mfritsch@greenwich.ac.uk',	'2026-04-05 07:19:44',	'$2y$12$9p.ii40sIaYnKM17hidniu0PSpLzpxw19nlo8zYuJhghLuwGMJ82S',	'1-283-601-5746',	'2101 Welch Fall Apt. 197',	'Lebanon',	'East Eryn',	'West Lucindaton',	NULL,	2,	1,	0,	NULL,	'aMlExX0L8M',	'2026-04-05 07:19:51',	'2026-04-05 07:19:51',	NULL),
(12,	'38bcc10d-1a08-4bc7-ba0f-6c74209347d0',	'Loy Denesik',	'grover.hackett@greenwich.ac.uk',	'2026-04-05 07:19:44',	'$2y$12$rv2rzDbm2pfLs1PtY25G7.LDJP/NsVOqiEjrAuYhkL0t.s1tMkcHu',	'1-704-395-8637',	'645 Hayes Isle',	'Saint Martin',	'Schulistbury',	'Gusikowskibury',	NULL,	4,	1,	0,	NULL,	'qMaBCRuXYs',	'2026-04-05 07:19:51',	'2026-04-05 07:19:51',	NULL),
(13,	'c0247668-6156-4401-a310-87435297cacb',	'Effie Paucek',	'raymond35@greenwich.ac.uk',	'2026-04-05 07:19:44',	'$2y$12$eWnMkAjocAtpwgCQFVjcxeZGh.uVZj29Bq6cFlxRlSyu6SR.fwFsu',	'442-237-7959',	'343 Rogahn Corner Apt. 079',	'New Caledonia',	'North Marlontown',	'New Clareville',	NULL,	3,	1,	0,	NULL,	'427gFyd7K1',	'2026-04-05 07:19:51',	'2026-04-05 07:19:51',	NULL),
(14,	'3cb6165f-4509-405e-8d60-e34e67433816',	'Miss Genesis Bergnaum',	'qrenner@greenwich.ac.uk',	'2026-04-05 07:19:45',	'$2y$12$qXWU2apGcUolMH4vBuLlrukqzRQ0.7zeEekOzFVDK1A6OQH4Ta3x2',	'+14027477322',	'376 Weber Streets',	'Bosnia and Herzegovina',	'East Elijah',	'Dylanborough',	NULL,	3,	1,	0,	NULL,	'2I7gocDuth',	'2026-04-05 07:19:51',	'2026-04-05 07:19:51',	NULL),
(15,	'7c83325c-1fac-4c89-90fc-21d275a6a847',	'Miss Beryl Dibbert V',	'beahan.marietta@greenwich.ac.uk',	'2026-04-05 07:19:45',	'$2y$12$zS5100bJ0xwi034zcbriFu85bU4yRVAre1uu2GCaifWq05cH1Kqiy',	'571.732.4127',	'883 Walsh Crossroad',	'Malawi',	'Gaytown',	'Lake Destinifort',	NULL,	4,	1,	0,	NULL,	'X9pfkVY2Tv',	'2026-04-05 07:19:51',	'2026-04-05 07:19:51',	NULL),
(16,	'eb09ada7-e193-43be-871b-e83ca716afc2',	'Gilda Gaylord II',	'hane.reymundo@greenwich.ac.uk',	'2026-04-05 07:19:45',	'$2y$12$Lo4usnS4bS4EjCgWiUYMveVkbv3yEv6avobj.Kv2EjtxLDacrpM1W',	'1-651-909-4912',	'350 Hill Trail',	'United States Virgin Islands',	'Lake Myah',	'Harrisonport',	NULL,	4,	1,	0,	NULL,	'0k8pSwk3gY',	'2026-04-05 07:19:51',	'2026-04-05 07:19:51',	NULL),
(17,	'97dec26f-8fb1-43f5-a208-76edb8ba9a60',	'Eliseo Pfeffer',	'xharris@greenwich.ac.uk',	'2026-04-05 07:19:46',	'$2y$12$yC3kzZTGvG1jYV9K8uHfN.lw1N.Obk57.U/3Caz9iPaD8b/6.cGvO',	'+1 (781) 885-2420',	'46373 Huels Key',	'Comoros',	'Lisandrohaven',	'Port Nayeli',	NULL,	4,	1,	0,	NULL,	'6QECYCKd8I',	'2026-04-05 07:19:51',	'2026-04-13 14:53:51',	NULL),
(18,	'0abb7e51-b6f6-4d2f-9ba6-7f73768d4e5b',	'Trinity Langworth PhD',	'prince18@greenwich.ac.uk',	'2026-04-05 07:19:46',	'$2y$12$jzJbFWuOM.rP7.aPcAaqyupar0gEubWu2IteEw2nKLHHo1ClcB8PC',	'346.293.3443',	'49111 Keeling Highway',	'Mauritius',	'Nikolausborough',	'New Tremainemouth',	NULL,	4,	1,	0,	NULL,	'woQMQOAWsL',	'2026-04-05 07:19:51',	'2026-04-05 07:19:51',	NULL),
(19,	'd8ffd076-3c2b-4518-a74b-b327c1e4ae29',	'Guido Lang',	'samantha.nader@greenwich.ac.uk',	'2026-04-05 07:19:46',	'$2y$12$t33BLhyLy9SqMqoEhZDAtOaaYi/A3pFtQ47QjYYA/ciU2w1aQ/qPS',	'(585) 407-5195',	'94302 Waters Divide',	'Turkey',	'Osinskistad',	'Paulburgh',	NULL,	2,	1,	0,	NULL,	'0wUAyYecsZ',	'2026-04-05 07:19:51',	'2026-04-05 07:19:51',	NULL),
(20,	'1e04494d-2251-469c-8826-8d9231ee02ce',	'Ms. June Strosin',	'heathcote.bradford@greenwich.ac.uk',	'2026-04-05 07:19:46',	'$2y$12$e4Hs6ojfUOVZH3nriWPjqOqY9tHePaQ0D6CM9KlELdC66EzbpdYk6',	'650.960.3471',	'3472 Jedidiah Orchard Suite 317',	'Denmark',	'Bodeburgh',	'West Esmeralda',	NULL,	3,	1,	0,	NULL,	'Y3Ia9FJsHz',	'2026-04-05 07:19:51',	'2026-04-05 07:19:51',	NULL),
(21,	'99c73834-7c78-4b72-8e0d-ca7f52a50de3',	'Sonya Runolfsdottir',	'stella33@greenwich.ac.uk',	'2026-04-05 07:19:47',	'$2y$12$BAsREhvvTZal4xbuvXtFCOQKuhzACENTto.VxLUQrbibrpKHs3peu',	'+1-567-446-4627',	'2670 Dulce Spurs Apt. 026',	'Antigua and Barbuda',	'Littlebury',	'Carolview',	NULL,	2,	1,	0,	NULL,	'DUtNckFRgo',	'2026-04-05 07:19:51',	'2026-04-05 07:19:51',	NULL),
(22,	'6a3301f5-71d6-416e-aab8-77f48caacb46',	'Torrance Douglas',	'vpadberg@greenwich.ac.uk',	'2026-04-05 07:19:47',	'$2y$12$6YzwCLT4GAp05dI3seKVJOcIlnXRHQb0moi/.pciwLDwEmGzRACM.',	'(607) 599-5536',	'41311 Cullen Park',	'United States of America',	'Bettyeberg',	'Zechariahberg',	NULL,	2,	1,	0,	NULL,	'FVX9AjkXNQ',	'2026-04-05 07:19:51',	'2026-04-05 07:19:51',	NULL),
(23,	'f8f846db-155e-45a1-8024-5081c196bef0',	'Napoleon Kuvalis II',	'schaefer.trace@greenwich.ac.uk',	'2026-04-05 07:19:47',	'$2y$12$HtwTypS4DNQCsJ.moZlDGezgRdLUj/om8akmfYAuvngZLZGPkt5CS',	'+1-934-808-3687',	'625 Guadalupe Plaza Apt. 779',	'Niger',	'New Annie',	'Port Ardella',	NULL,	4,	1,	0,	NULL,	'AoZtpldtwt',	'2026-04-05 07:19:51',	'2026-04-05 07:19:51',	NULL),
(24,	'00d9c501-fd03-4dfb-9839-d68d37b8be95',	'Kelly Grady PhD',	'monica14@greenwich.ac.uk',	'2026-04-05 07:19:48',	'$2y$12$WAgy5H/s7n8gFPSANHw05eQSwxKmAMn8KMp6fSWQybuzISc/uo94m',	'+1.616.676.2547',	'72428 Ferry Groves Apt. 563',	'Equatorial Guinea',	'Mathiasville',	'Queenbury',	NULL,	3,	1,	0,	NULL,	'J2DDRIHW0J',	'2026-04-05 07:19:51',	'2026-04-05 07:19:51',	NULL),
(25,	'9335cfa8-86b8-496f-aea1-5b6ffc0505e7',	'Lilian Kuhn I',	'steuber.ines@greenwich.ac.uk',	'2026-04-05 07:19:48',	'$2y$12$LGqjg9VEIdwT9UvUz7RfUO710sb6QEJJgArNO6191Zg/uxSjnQ17G',	'458.380.2312',	'7289 Giovanny Overpass Apt. 339',	'Northern Mariana Islands',	'East Courtneyside',	'Goldenview',	NULL,	3,	1,	0,	NULL,	'XH7dEPZ3TV',	'2026-04-05 07:19:51',	'2026-04-05 07:19:51',	NULL),
(26,	'c04b1c80-7e07-492c-83ed-e662a30728b1',	'Diana Lemke',	'kiana.tremblay@greenwich.ac.uk',	'2026-04-05 07:19:48',	'$2y$12$GTkvg5.DtHnaXn/En22P.eCBp.d4ThOOqEHvSwJ4hpBFTPe347auu',	'520-883-5236',	'13674 Quigley Shores Suite 060',	'Macedonia',	'New Othafurt',	'VonRuedenburgh',	NULL,	3,	1,	0,	NULL,	'hGGUea4GJv',	'2026-04-05 07:19:51',	'2026-04-05 07:19:51',	NULL),
(27,	'3c497ee4-9212-4298-ac35-edcc8375fd0c',	'Dr. Maybell Rempel',	'hickle.braulio@greenwich.ac.uk',	'2026-04-05 07:19:48',	'$2y$12$Ij1.Snqwi64MNjhSPkdBF.feJQy2tHKTrTsdiGBLod1yLcfJeTyFC',	'716-348-6518',	'5258 Langworth Lane Suite 818',	'Grenada',	'Kulasmouth',	'Boehmfurt',	NULL,	2,	1,	0,	NULL,	'FlherkUYsA',	'2026-04-05 07:19:51',	'2026-04-05 07:19:51',	NULL),
(28,	'8e805403-9f49-4cfc-910e-b0f8ec9b2143',	'Mrs. Annetta Kuhlman',	'ceasar47@greenwich.ac.uk',	'2026-04-05 07:19:49',	'$2y$12$k4NgD9lZoDsbEIp/JmzdAu5xs.SakjV9/j7a6SdQ5uRls8pw1cmea',	'+1-432-783-4038',	'55378 Smitham Rest',	'Western Sahara',	'Port Scottieton',	'New Willowstad',	NULL,	3,	1,	0,	NULL,	'e5Rzy4imjY',	'2026-04-05 07:19:51',	'2026-04-05 07:19:51',	NULL),
(29,	'11300dcf-6558-4406-8082-1c8cd23094cc',	'Shane Koss',	'gjerde@greenwich.ac.uk',	'2026-04-05 07:19:49',	'$2y$12$Ljl0PB6KvTqWTr9a2yquaeKG4I5WVWzcrqfUR8FSRM0MDTHBQjBKC',	'+1.743.254.9599',	'43012 Maverick Extensions',	'Turkmenistan',	'West Wainotown',	'Littelmouth',	NULL,	4,	1,	0,	NULL,	'CrrM61dCRN',	'2026-04-05 07:19:51',	'2026-04-05 07:19:51',	NULL),
(30,	'd3dd043c-18af-4453-b3ac-e800f7a98484',	'Favian Hills IV',	'genoveva.watsica@greenwich.ac.uk',	'2026-04-05 07:19:49',	'$2y$12$UEFWDGXO5MIJa2VfLiXzqePxlUV/aHTklbapPDtbHNGTO78VLqOi.',	'(352) 782-8236',	'19875 Bruen Prairie',	'Reunion',	'North Stanfordchester',	'Barrowsview',	NULL,	3,	1,	0,	NULL,	'3KV1o4wXr0',	'2026-04-05 07:19:51',	'2026-04-05 07:19:51',	NULL),
(31,	'57161ba0-4302-4bbb-9858-4f51d584c6c7',	'Eda Denesik',	'annalise51@greenwich.ac.uk',	'2026-04-05 07:19:50',	'$2y$12$4aTZthKL0IsGL8w7Q29CLecEF.ejhUYtVZ4oaRQ3xQuJy14SIPn/i',	'+18018805778',	'6078 Tremblay Ford Suite 744',	'Mauritius',	'South Uriel',	'West Sharonbury',	NULL,	4,	1,	0,	NULL,	'NoFQ2CXtjT',	'2026-04-05 07:19:51',	'2026-04-05 07:19:51',	NULL),
(32,	'ce0f1e0a-1523-4b22-8ffa-d70ce6f0e5e5',	'Brielle Rolfson',	'dudley10@greenwich.ac.uk',	'2026-04-05 07:19:50',	'$2y$12$dx9ZQKUgn7eL0Ani0486EO7.thbYsY39kM8x5mhX9qjqpp9VYXLum',	'+1-386-218-7300',	'18311 Sporer Port',	'Isle of Man',	'Satterfieldmouth',	'Treymouth',	NULL,	4,	1,	0,	NULL,	'8pZiDrsCky',	'2026-04-05 07:19:51',	'2026-04-05 07:19:51',	NULL),
(33,	'1e172652-7a24-4acf-966f-20eff4402f26',	'Darlene Lueilwitz',	'lschmeler@greenwich.ac.uk',	'2026-04-05 07:19:50',	'$2y$12$SV0WKpsMSlGMQS2Xj85bg.e9IRTZP/LIs1UQ.lHGegCMoagbrFFr6',	'407-665-5279',	'4443 Halvorson Circle',	'Panama',	'South Nicolechester',	'West Lottie',	NULL,	4,	1,	0,	NULL,	'lC21UpJdlp',	'2026-04-05 07:19:51',	'2026-04-05 07:19:51',	NULL),
(34,	'0f89426a-4743-4823-add3-c0751119d0ec',	'Dr. Irma Cummerata DDS',	'raymond.wolff@greenwich.ac.uk',	'2026-04-05 07:19:51',	'$2y$12$onJYw9RaQs75EUZAJHENruO2i0w1WwOOR1w8/FqswusGFdV96obmK',	'+1-985-274-6501',	'53261 Kylie Rue',	'Djibouti',	'Manteside',	'New Anahi',	NULL,	2,	1,	0,	NULL,	'Iyj6TMMRRZ',	'2026-04-05 07:19:51',	'2026-04-05 07:19:51',	NULL),
(35,	'37e6935c-521b-4e9a-8767-97cb1cd9014e',	'MIN KHANT KYAW',	'minkhantkyawdev@gmail.com',	NULL,	'$2y$12$9348jLck1N9Xqt6V9FNq2.x6HX/e.D2Sv7ANWngZtbDM/COGsDtL2',	'+66631393053',	'yy',	'Thailand',	'Yangon',	'Yangon',	NULL,	2,	1,	0,	NULL,	'oI23AoXVmsS83HG2kAKEK1xcDweOuTFEOuVcceD1LHdBb7U9NYLEoVZPHIaU',	'2026-04-05 16:34:08',	'2026-04-05 16:35:30',	NULL),
(36,	'ad742875-fed3-4941-b372-68b4fc90c1af',	'Jack',	'thawzinmyo777@gmail.com',	NULL,	'$2y$12$ZjfRQi6yZom4OttNcr3Nn.QQTUdxjN1tNDMUgz9ylUg1vJX8b4EKO',	'+66618960283',	'Maha Nakorn Mansion, 97/2 Phet Kasem Rd, Pak Klong, Phasi Charoen, Bangkok 10160',	'Thailand',	'Bangkok, Phasi Charoen, Thailand',	'Bangkok, Phasi Charoen, Thailand',	NULL,	4,	1,	0,	NULL,	NULL,	'2026-04-11 14:09:04',	'2026-04-11 14:20:11',	NULL);

-- 2026-04-15 02:55:37
